,medium,time_control,age_diff,home_country_diff,rating_diff,players_sex,upset
0,offline,standard,-4,0,206.0,FF,1
1,offline,standard,21,0,220.0,MM,1
2,offline,standard,22,0,213.0,MM,1
3,offline,standard,-37,0,211.0,MM,0
4,offline,standard,-14,0,204.0,MM,1
5,offline,standard,-22,0,202.0,MM,0
6,offline,standard,2,0,216.0,MM,0
7,offline,standard,26,-1,213.0,MM,1
8,offline,standard,4,0,387.0,MM,0
9,offline,standard,2,0,289.0,MF,0
10,offline,standard,1,0,262.0,MF,1
11,offline,standard,2,0,248.0,MM,0
12,offline,standard,-33,0,241.0,MM,0
13,offline,standard,-10,-1,263.0,MM,0
14,offline,standard,11,0,229.0,MM,1
15,offline,standard,0,0,383.0,MM,0
16,offline,standard,8,-1,277.0,MM,0
17,offline,standard,19,0,246.0,MM,1
18,offline,standard,-12,0,242.0,MM,0
19,offline,standard,2,0,275.0,MM,1
20,offline,standard,31,0,234.0,MM,1
21,offline,standard,-10,0,274.0,MM,0
22,offline,standard,-8,-1,329.0,MM,0
23,offline,standard,7,0,357.0,MM,0
24,offline,standard,32,0,403.0,MM,1
25,offline,standard,29,0,239.0,MF,1
26,offline,standard,4,0,208.0,MM,1
27,offline,standard,-8,0,334.0,MM,1
28,offline,standard,3,-1,239.0,MM,0
29,offline,standard,15,0,377.0,MM,1
30,offline,standard,17,0,248.0,MF,0
31,offline,standard,5,0,242.0,MM,1
32,offline,standard,-9,0,230.0,MM,1
33,offline,standard,9,0,429.0,MM,0
34,offline,standard,7,-1,232.0,MM,0
35,offline,standard,6,0,261.0,MM,0
36,offline,standard,-14,0,396.0,MM,1
37,offline,standard,15,0,531.0,MM,1
38,offline,standard,-17,0,296.0,MM,1
39,offline,standard,10,0,298.0,MM,0
40,offline,standard,-20,0,223.0,MM,0
41,offline,standard,-1,-1,202.0,MM,0
42,offline,standard,10,0,206.0,MF,0
43,offline,standard,-29,0,211.0,MM,0
44,offline,standard,12,0,208.0,MM,0
45,offline,standard,-17,0,205.0,MM,0
46,offline,standard,-49,0,204.0,MM,0
47,offline,standard,40,0,249.0,MM,1
48,offline,standard,-33,0,237.0,MM,0
49,offline,standard,-37,0,228.0,MM,0
50,offline,standard,3,-1,245.0,MF,0
51,offline,standard,-24,-1,245.0,MM,1
52,offline,standard,25,0,262.0,MF,0
53,offline,standard,-33,0,221.0,MM,0
54,offline,standard,1,-1,227.0,MM,0
55,offline,standard,34,0,237.0,MF,0
56,offline,standard,-7,0,224.0,MM,0
57,offline,standard,1,0,281.0,FM,1
58,offline,standard,-3,0,245.0,MF,0
59,offline,standard,4,-1,246.0,MM,1
60,offline,standard,0,0,212.0,MM,0
61,offline,standard,-24,0,205.0,FM,1
62,offline,standard,-14,0,256.0,MM,1
63,offline,standard,-22,0,211.0,MM,0
64,offline,standard,9,0,231.0,MM,1
65,offline,standard,-46,0,234.0,FM,1
66,offline,standard,-11,0,205.0,MM,1
67,offline,standard,37,0,224.0,MM,1
68,offline,standard,-28,0,321.0,FM,1
69,offline,standard,15,0,231.0,MM,1
70,offline,standard,-1,0,256.0,MM,1
71,offline,standard,-7,0,280.0,MM,0
72,offline,standard,-22,0,321.0,FM,0
73,offline,standard,24,0,263.0,MM,0
74,offline,standard,18,-1,203.0,MF,0
75,offline,standard,-16,0,203.0,MM,0
76,offline,standard,15,0,274.0,MM,0
77,offline,standard,-38,0,269.0,MM,0
78,offline,standard,54,0,295.0,MM,0
79,offline,standard,27,0,295.0,MM,1
80,offline,standard,18,-1,327.0,MM,0
81,offline,standard,-10,0,326.0,MF,0
82,offline,standard,10,0,329.0,MM,0
83,offline,standard,-10,-1,455.0,MM,0
84,offline,standard,22,0,209.0,MM,1
85,offline,standard,28,0,315.0,MM,0
86,offline,standard,1,-1,493.0,MM,0
87,offline,standard,9,0,246.0,MM,0
88,offline,standard,16,0,258.0,MM,0
89,offline,standard,16,0,307.0,MF,0
90,offline,standard,31,-1,290.0,MM,1
91,offline,standard,31,0,296.0,MM,0
92,offline,standard,13,-1,230.0,MM,0
93,offline,standard,4,0,253.0,MM,0
94,offline,standard,42,0,334.0,MM,1
95,offline,standard,-7,0,213.0,MM,0
96,offline,standard,39,0,208.0,MM,0
97,offline,standard,27,0,215.0,MM,0
98,offline,standard,-10,0,232.0,MF,0
99,offline,standard,20,-1,214.0,MM,0
100,offline,standard,-4,0,244.0,MM,1
101,offline,standard,12,0,270.0,MM,1
102,offline,standard,35,0,204.0,MM,1
103,offline,standard,43,-1,205.0,MM,1
104,offline,standard,34,0,262.0,MM,1
105,offline,standard,30,0,336.0,MM,0
106,offline,standard,7,0,226.0,MM,1
107,offline,standard,1,0,265.0,MM,0
108,offline,standard,6,1,222.0,MF,0
109,offline,standard,48,-1,312.0,MM,0
110,offline,standard,11,0,349.0,MM,1
111,offline,standard,-14,0,209.0,MM,1
112,offline,standard,29,0,220.0,MM,1
113,offline,blitz,-10,0,571.0,MM,0
114,offline,blitz,-5,0,885.0,MM,0
115,offline,blitz,2,0,365.0,MF,0
116,offline,blitz,-5,0,320.0,MM,1
117,offline,blitz,23,0,276.0,MF,1
118,offline,blitz,-35,0,513.0,MM,0
119,offline,blitz,-11,0,442.0,MM,0
120,offline,blitz,-7,0,568.0,MM,0
121,offline,blitz,0,0,389.0,MM,1
122,offline,blitz,-12,0,271.0,MM,0
123,offline,blitz,32,0,469.0,MF,0
124,offline,blitz,16,0,231.0,MM,1
125,offline,blitz,-47,0,395.0,MM,0
126,offline,blitz,-22,0,387.0,MM,0
127,offline,blitz,-32,-1,321.0,MM,0
128,offline,blitz,-31,0,471.0,MM,0
129,offline,blitz,-43,-1,763.0,MM,0
130,offline,blitz,-27,0,458.0,MM,0
131,offline,blitz,-25,0,397.0,MM,1
132,offline,blitz,0,0,268.0,MM,0
133,offline,blitz,25,0,424.0,MM,0
134,offline,blitz,-35,0,392.0,MM,0
135,offline,blitz,-20,0,326.0,MM,0
136,offline,blitz,-26,0,587.0,MM,0
137,offline,blitz,-12,-1,292.0,MM,0
138,offline,blitz,-37,0,1029.0,MM,0
139,offline,blitz,-13,0,394.0,MM,0
140,offline,blitz,-14,0,303.0,MM,0
141,offline,blitz,30,0,372.0,MM,0
142,offline,blitz,-5,0,496.0,MM,0
143,offline,blitz,8,0,305.0,MM,0
144,offline,blitz,-8,0,323.0,MM,0
145,offline,blitz,10,0,245.0,MM,1
146,offline,blitz,-6,0,558.0,MM,0
147,offline,blitz,6,1,266.0,MM,1
148,offline,blitz,-41,0,226.0,MM,0
149,offline,blitz,0,0,613.0,MF,0
150,offline,blitz,13,0,234.0,MM,1
151,offline,blitz,17,0,498.0,MM,0
152,offline,blitz,22,0,427.0,MM,0
153,offline,blitz,-2,0,248.0,MM,0
154,offline,blitz,-53,-1,518.0,MM,0
155,offline,blitz,-30,0,461.0,MM,0
156,offline,blitz,-29,0,223.0,MM,0
157,offline,blitz,-23,0,337.0,MM,0
158,offline,blitz,21,0,298.0,MM,1
159,offline,blitz,-41,-1,515.0,MM,0
160,offline,blitz,-47,0,784.0,MM,0
161,offline,blitz,-17,0,323.0,MM,0
162,offline,blitz,-37,0,416.0,FM,0
163,offline,blitz,-20,-1,426.0,MM,0
164,offline,blitz,1,0,327.0,MM,0
165,offline,blitz,-2,0,516.0,MM,0
166,offline,blitz,-4,0,200.0,MM,1
167,offline,blitz,-37,0,640.0,MM,0
168,offline,blitz,-11,-1,619.0,MM,0
169,offline,blitz,-35,0,781.0,MM,0
170,offline,blitz,-10,0,368.0,MF,0
171,offline,blitz,-14,0,692.0,MM,0
172,offline,blitz,-41,-1,247.0,MM,0
173,offline,blitz,-15,0,642.0,MM,0
174,offline,rapid,-20,0,312.0,MM,0
175,offline,rapid,-5,0,282.0,MM,1
176,offline,rapid,-41,-1,313.0,MM,0
177,offline,rapid,-6,0,558.0,MM,0
178,offline,rapid,30,0,321.0,MM,0
179,offline,rapid,-41,0,226.0,MM,0
180,offline,rapid,-27,0,472.0,MM,0
181,offline,rapid,-17,0,323.0,MM,0
182,offline,rapid,-35,0,337.0,MM,0
183,offline,rapid,6,1,260.0,MM,0
184,offline,rapid,32,0,478.0,MF,0
185,offline,rapid,-8,0,271.0,MM,0
186,offline,rapid,-28,-1,246.0,MM,0
187,offline,rapid,0,0,406.0,MM,1
188,offline,rapid,-30,0,461.0,MM,0
189,offline,rapid,-23,0,275.0,MM,0
190,offline,rapid,-22,0,506.0,MM,0
191,offline,rapid,21,0,303.0,MM,1
192,offline,rapid,-37,0,416.0,FM,1
193,offline,rapid,-12,-1,298.0,MM,0
194,offline,rapid,-11,-1,634.0,MM,0
195,offline,rapid,-25,0,278.0,MM,0
196,offline,rapid,1,0,336.0,MM,0
197,offline,rapid,-33,-1,212.0,MM,0
198,offline,rapid,-35,0,573.0,MM,0
199,offline,standard,-1,0,281.0,FF,0
200,offline,standard,1,0,315.0,FF,0
201,offline,standard,3,0,610.0,FF,1
202,offline,standard,-1,0,203.0,FF,1
203,offline,standard,1,0,643.0,FF,0
204,offline,standard,1,0,580.0,FF,1
205,offline,standard,1,0,585.0,FF,0
206,offline,standard,0,0,349.0,FF,0
207,offline,standard,-1,0,354.0,FF,0
208,offline,standard,2,0,374.0,FF,0
209,offline,standard,1,0,303.0,FF,0
210,offline,standard,0,0,934.0,FF,0
211,offline,standard,0,0,585.0,FF,0
212,offline,standard,1,0,506.0,FF,0
213,offline,standard,2,0,449.0,MM,0
214,offline,standard,0,0,550.0,MM,0
215,offline,standard,1,0,533.0,MM,0
216,offline,standard,2,1,358.0,MM,1
217,offline,standard,1,0,319.0,MM,0
218,offline,standard,-1,0,206.0,MM,0
219,offline,standard,0,0,609.0,MM,0
220,offline,standard,1,0,494.0,MM,0
221,offline,standard,0,0,289.0,MM,1
222,offline,standard,0,0,272.0,MM,0
223,offline,standard,0,0,663.0,MM,1
224,offline,standard,0,0,270.0,MM,0
225,offline,standard,0,0,555.0,MM,0
226,offline,standard,1,0,621.0,MM,0
227,offline,blitz,-1,0,370.0,MM,0
228,offline,blitz,-1,-1,391.0,MM,0
229,offline,blitz,-1,0,347.0,MM,1
230,offline,blitz,1,0,290.0,MM,0
231,offline,blitz,-1,0,358.0,MM,0
232,offline,blitz,1,0,370.0,MM,0
233,offline,blitz,-2,0,350.0,MM,0
234,offline,blitz,0,0,233.0,MM,1
235,offline,blitz,1,0,547.0,MM,0
236,offline,blitz,2,1,266.0,MM,1
237,offline,blitz,1,0,265.0,FF,0
238,offline,blitz,0,0,391.0,FF,0
239,offline,blitz,3,0,497.0,FF,0
240,offline,blitz,2,0,271.0,FF,0
241,offline,blitz,-2,0,326.0,FF,0
242,offline,blitz,0,0,556.0,FF,0
243,offline,blitz,-1,0,276.0,FF,1
244,offline,blitz,1,0,486.0,FF,0
245,offline,blitz,1,0,341.0,FF,0
246,offline,blitz,2,0,295.0,FF,0
247,offline,standard,25,-1,300.0,MM,1
248,offline,standard,21,0,284.0,MM,1
249,offline,standard,41,0,206.0,MM,0
250,offline,standard,4,-1,239.0,MM,1
251,offline,standard,-2,-1,335.0,MM,0
252,offline,standard,13,-1,230.0,MM,1
253,offline,standard,-18,-1,201.0,MM,0
254,offline,standard,9,-1,276.0,MM,1
255,offline,standard,21,0,416.0,MM,1
256,offline,standard,-31,1,401.0,MM,0
257,offline,standard,10,-1,381.0,MM,0
258,offline,standard,-6,-1,331.0,MM,0
259,offline,standard,1,1,300.0,MM,0
260,offline,standard,-7,1,325.0,MM,0
261,offline,standard,-1,-1,335.0,MM,1
262,offline,standard,-35,0,367.0,MM,0
263,offline,standard,-16,-1,582.0,MM,0
264,offline,standard,-20,0,579.0,MM,0
265,offline,standard,-20,1,581.0,MM,0
266,offline,standard,-34,0,349.0,MM,0
267,offline,standard,-11,-1,430.0,MM,1
268,offline,standard,-14,0,400.0,MM,1
269,offline,standard,9,0,368.0,MM,0
270,offline,standard,-28,-1,236.0,MM,0
271,offline,standard,29,0,296.0,MM,0
272,offline,standard,19,0,289.0,MM,1
273,offline,standard,13,0,304.0,MM,1
274,offline,standard,39,1,232.0,MM,0
275,offline,standard,-12,-1,315.0,MM,0
276,offline,standard,28,0,234.0,MM,0
277,offline,standard,-1,0,428.0,MM,1
278,offline,standard,-18,0,352.0,MM,0
279,offline,standard,-8,-1,335.0,MM,1
280,offline,standard,-16,1,295.0,MM,0
281,offline,standard,11,-1,205.0,MM,1
282,offline,standard,1,0,544.0,MM,1
283,offline,standard,-13,0,431.0,MM,0
284,offline,standard,-29,-1,273.0,MM,0
285,offline,standard,-32,0,616.0,MM,0
286,offline,standard,30,-1,480.0,MM,0
287,offline,standard,-9,0,285.0,MM,0
288,offline,standard,-21,-1,213.0,MM,1
289,offline,standard,12,1,212.0,MM,1
290,offline,standard,3,1,255.0,MM,0
291,offline,standard,-28,0,317.0,MM,0
292,offline,standard,9,0,324.0,MM,1
293,offline,standard,5,-1,554.0,MM,0
294,offline,standard,24,1,436.0,MM,0
295,offline,standard,-1,-1,476.0,MM,1
296,offline,blitz,8,-1,440.0,MM,0
297,offline,blitz,16,0,582.0,MM,0
298,offline,blitz,19,1,293.0,MF,0
299,offline,blitz,2,-1,486.0,MM,0
300,offline,blitz,16,0,583.0,MM,0
301,offline,blitz,3,0,564.0,MM,0
302,offline,blitz,8,0,453.0,MM,0
303,offline,blitz,-5,-1,428.0,MM,0
304,offline,blitz,-27,-1,339.0,MM,0
305,offline,blitz,-23,-1,467.0,FM,0
306,offline,blitz,-8,0,273.0,MM,0
307,offline,blitz,17,0,460.0,MM,1
308,offline,blitz,34,-1,381.0,MM,0
309,offline,blitz,-35,-1,342.0,FM,0
310,offline,blitz,-9,1,477.0,MM,0
311,offline,blitz,1,0,318.0,MM,0
312,offline,blitz,15,0,319.0,MM,0
313,offline,blitz,-1,-1,272.0,FM,1
314,offline,blitz,39,0,482.0,MM,0
315,offline,blitz,1,-1,598.0,MM,0
316,offline,blitz,15,0,355.0,MM,1
317,offline,blitz,9,-1,259.0,MM,1
318,offline,blitz,-4,0,238.0,MM,0
319,offline,blitz,-17,0,226.0,MM,0
320,offline,blitz,-4,-1,320.0,MM,0
321,offline,blitz,0,0,410.0,MM,0
322,offline,blitz,8,-1,587.0,MM,0
323,offline,blitz,10,-1,284.0,MM,0
324,offline,blitz,6,0,526.0,MM,0
325,offline,blitz,8,-1,363.0,MM,0
326,offline,blitz,14,0,250.0,MM,1
327,offline,blitz,11,-1,384.0,MM,1
328,offline,blitz,26,0,203.0,MM,0
329,offline,blitz,27,0,394.0,MM,0
330,offline,blitz,7,1,393.0,MM,0
331,offline,blitz,16,0,357.0,MM,1
332,offline,blitz,23,0,632.0,MM,0
333,offline,blitz,-14,0,385.0,MM,0
334,offline,blitz,31,0,324.0,MF,1
335,offline,blitz,-15,0,323.0,MM,0
336,offline,blitz,12,0,227.0,MM,1
337,offline,blitz,18,-1,241.0,MM,0
338,offline,blitz,10,-1,258.0,MM,1
339,offline,blitz,-6,1,201.0,MM,1
340,offline,blitz,4,0,386.0,MF,0
341,offline,blitz,3,0,327.0,MM,0
342,offline,blitz,17,0,483.0,MM,0
343,offline,blitz,1,0,202.0,MM,0
344,offline,blitz,1,0,203.0,MM,0
345,offline,blitz,18,-1,308.0,MM,0
346,offline,blitz,14,-1,289.0,MM,1
347,offline,blitz,-13,0,351.0,MM,0
348,offline,blitz,26,-1,410.0,MM,0
349,offline,blitz,6,0,270.0,MM,1
350,offline,blitz,-6,0,421.0,MM,0
351,offline,blitz,5,0,362.0,MM,0
352,offline,blitz,-9,-1,370.0,MM,0
353,offline,blitz,7,0,299.0,MM,0
354,offline,blitz,-11,0,214.0,MM,0
355,offline,blitz,2,0,356.0,MM,0
356,offline,standard,-5,-1,468.0,MM,0
357,offline,standard,19,0,621.0,MF,0
358,offline,standard,16,0,662.0,MF,0
359,offline,standard,-39,0,670.0,MM,0
360,offline,standard,-24,0,627.0,MM,0
361,offline,standard,15,0,506.0,MF,0
362,offline,standard,39,0,588.0,MM,0
363,offline,standard,-1,0,592.0,MM,0
364,offline,standard,-4,-1,665.0,FM,0
365,offline,standard,1,0,331.0,MM,1
366,offline,standard,-11,0,309.0,MM,0
367,offline,standard,-12,1,395.0,MF,1
368,offline,standard,-15,0,329.0,MM,0
369,offline,standard,25,1,406.0,MF,0
370,offline,standard,-13,0,330.0,MM,0
371,offline,standard,-19,0,302.0,FM,0
372,offline,standard,12,0,235.0,FM,0
373,offline,standard,23,0,390.0,MM,0
374,offline,standard,20,1,417.0,MF,0
375,offline,standard,-31,0,309.0,MM,0
376,offline,standard,-13,-1,287.0,MM,0
377,offline,standard,3,1,255.0,MF,1
378,offline,standard,32,0,211.0,MM,0
379,offline,standard,-23,-1,252.0,FM,0
380,offline,standard,-23,0,397.0,MM,0
381,offline,standard,3,0,248.0,MM,0
382,offline,standard,-3,0,262.0,FF,0
383,offline,standard,-7,0,476.0,MM,0
384,offline,standard,-1,0,341.0,MF,0
385,offline,standard,3,0,457.0,MM,0
386,offline,standard,19,-1,379.0,MM,1
387,offline,standard,-16,0,415.0,MM,1
388,offline,standard,24,1,324.0,MM,0
389,offline,standard,-10,0,364.0,MM,0
390,offline,standard,-1,-1,403.0,FM,0
391,offline,standard,3,-1,220.0,MM,0
392,offline,standard,-7,0,355.0,MF,0
393,offline,standard,-27,-1,275.0,FM,0
394,offline,standard,-4,-1,382.0,MM,0
395,offline,standard,29,-1,295.0,MF,1
396,offline,standard,-4,1,372.0,MM,0
397,offline,standard,7,0,231.0,MM,1
398,offline,standard,12,0,294.0,MM,0
399,offline,standard,-2,0,427.0,MF,0
400,offline,standard,6,-1,692.0,MF,0
401,offline,standard,36,1,222.0,MM,0
402,offline,standard,26,-1,756.0,MM,0
403,offline,standard,-17,-1,244.0,FM,0
404,offline,standard,-7,0,249.0,MM,0
405,offline,standard,-39,0,276.0,MM,0
406,offline,standard,-32,0,284.0,MM,0
407,offline,standard,-7,0,249.0,MM,0
408,offline,standard,-39,0,276.0,MM,0
409,offline,standard,-32,0,284.0,MM,0
410,offline,standard,-6,0,293.0,MM,1
411,offline,standard,3,0,239.0,MM,0
412,offline,standard,0,0,263.0,MM,1
413,offline,standard,-18,0,215.0,MM,0
414,offline,standard,4,0,223.0,MM,0
415,offline,standard,-9,0,235.0,MM,1
416,offline,standard,-6,0,299.0,MM,0
417,offline,standard,7,0,401.0,MM,0
418,offline,standard,9,0,502.0,MM,0
419,offline,standard,-14,0,489.0,MM,0
420,offline,standard,-20,0,482.0,MM,0
421,offline,standard,-29,-1,356.0,MM,0
422,offline,standard,-20,0,413.0,MM,0
423,offline,standard,0,0,498.0,MM,0
424,offline,standard,15,0,436.0,MM,0
425,offline,standard,14,0,372.0,MM,0
426,offline,standard,-6,0,306.0,MM,0
427,offline,standard,-2,0,222.0,MM,1
428,offline,standard,1,0,218.0,MM,0
429,offline,standard,-36,0,363.0,MM,0
430,offline,standard,6,0,229.0,MM,1
431,offline,standard,-4,0,346.0,MM,0
432,offline,standard,-7,0,203.0,MM,0
433,offline,standard,-21,0,225.0,MM,0
434,offline,standard,15,1,322.0,MM,1
435,offline,standard,-15,0,367.0,MM,0
436,offline,standard,8,0,314.0,MM,0
437,offline,standard,-7,0,210.0,MM,0
438,offline,standard,-3,0,431.0,MM,1
439,offline,standard,0,0,300.0,FF,0
440,offline,standard,-7,0,220.0,FF,0
441,offline,standard,0,0,311.0,FF,0
442,offline,standard,12,0,346.0,FF,1
443,offline,standard,11,0,229.0,FF,1
444,offline,standard,9,0,348.0,FF,1
445,offline,standard,-1,0,332.0,FF,1
446,offline,standard,2,0,242.0,FF,0
447,offline,standard,12,0,283.0,FF,1
448,offline,standard,3,0,226.0,MM,0
449,offline,standard,19,0,219.0,MM,0
450,offline,standard,19,0,229.0,MM,1
451,offline,standard,10,0,249.0,MM,1
452,offline,standard,0,0,210.0,MM,0
453,offline,standard,-18,0,296.0,MM,0
454,offline,standard,1,0,302.0,MM,0
455,offline,standard,7,0,298.0,MM,0
456,offline,standard,27,0,337.0,MM,0
457,offline,standard,-8,0,333.0,MM,0
458,offline,standard,18,0,304.0,MM,0
459,offline,standard,17,0,278.0,MM,1
460,offline,standard,-7,0,367.0,MM,1
461,offline,standard,8,0,256.0,MM,0
462,offline,standard,-9,0,272.0,MM,1
463,offline,standard,1,0,293.0,MM,0
464,offline,standard,9,0,237.0,MM,0
465,offline,standard,-7,0,245.0,MM,1
466,offline,standard,18,0,236.0,MM,1
467,offline,standard,15,0,459.0,MM,0
468,offline,standard,5,0,392.0,MM,0
469,offline,standard,20,0,325.0,MM,0
470,offline,standard,-8,0,230.0,MM,0
471,offline,standard,11,0,496.0,MM,0
472,offline,standard,3,0,404.0,MM,0
473,offline,standard,-1,0,320.0,MM,0
474,offline,blitz,7,0,332.0,MM,1
475,offline,blitz,-21,0,279.0,MM,1
476,offline,blitz,-6,0,256.0,MM,1
477,offline,blitz,-2,1,246.0,MM,0
478,offline,blitz,-2,0,246.0,MM,1
479,offline,blitz,-27,-1,244.0,MM,0
480,offline,blitz,-4,0,235.0,MM,1
481,offline,blitz,2,-1,218.0,MM,0
482,offline,blitz,-7,0,218.0,MM,1
483,offline,blitz,-5,-1,214.0,MM,0
484,offline,blitz,13,0,206.0,MM,0
485,offline,blitz,13,0,205.0,MM,1
486,offline,blitz,0,-1,212.0,MM,0
487,offline,blitz,9,0,205.0,MM,0
488,offline,blitz,21,0,219.0,MM,0
489,offline,blitz,11,0,218.0,MM,1
490,offline,blitz,-28,0,230.0,MM,0
491,offline,blitz,6,-1,228.0,MM,1
492,offline,blitz,1,-1,229.0,MM,0
493,offline,blitz,-2,-1,228.0,MM,1
494,offline,blitz,-6,1,200.0,MM,1
495,offline,blitz,13,0,206.0,MM,1
496,offline,blitz,1,-1,344.0,MM,0
497,offline,blitz,-12,0,283.0,MM,1
498,offline,blitz,-15,0,252.0,MM,1
499,offline,blitz,0,0,249.0,MM,0
500,offline,blitz,-6,0,232.0,MM,0
501,offline,blitz,1,0,246.0,MM,0
502,offline,blitz,-2,0,265.0,MM,0
503,offline,blitz,6,-1,261.0,MM,0
504,offline,blitz,-9,-1,238.0,MM,1
505,offline,blitz,5,0,249.0,MM,0
506,offline,blitz,-4,-1,241.0,MM,0
507,offline,blitz,-2,0,244.0,MM,1
508,offline,blitz,9,0,251.0,MM,0
509,offline,blitz,-29,0,250.0,MM,0
510,offline,blitz,-23,0,249.0,MM,0
511,offline,blitz,-12,-1,214.0,MM,0
512,offline,blitz,0,-1,269.0,MM,0
513,offline,blitz,11,1,323.0,MM,1
514,offline,blitz,1,0,220.0,MM,0
515,offline,blitz,28,0,245.0,MM,1
516,offline,blitz,5,0,285.0,MM,0
517,offline,blitz,-4,0,245.0,MM,1
518,offline,blitz,-2,-1,334.0,MM,0
519,offline,blitz,6,0,233.0,MM,1
520,offline,blitz,-35,0,249.0,MM,0
521,offline,blitz,0,0,203.0,MM,0
522,offline,blitz,-1,0,322.0,MM,1
523,offline,blitz,1,-1,203.0,MM,0
524,offline,blitz,17,0,324.0,MM,0
525,offline,blitz,-37,0,277.0,MM,0
526,offline,blitz,6,0,260.0,MM,0
527,offline,blitz,7,0,242.0,MM,0
528,offline,blitz,3,0,203.0,MM,0
529,offline,blitz,2,0,331.0,MM,0
530,offline,blitz,0,0,371.0,MM,0
531,offline,blitz,-4,-1,285.0,MM,0
532,offline,blitz,0,0,204.0,MM,0
533,offline,blitz,0,-1,288.0,MM,1
534,offline,blitz,8,0,293.0,MM,0
535,offline,blitz,9,0,269.0,MM,1
536,offline,blitz,1,1,204.0,MM,0
537,offline,blitz,7,0,200.0,MM,1
538,offline,blitz,5,0,203.0,MM,1
539,offline,blitz,-5,0,272.0,MM,1
540,offline,blitz,4,0,204.0,MM,0
541,offline,blitz,-8,0,287.0,MM,0
542,offline,blitz,10,1,222.0,MM,1
543,offline,blitz,-15,-1,204.0,MM,1
544,offline,blitz,27,0,382.0,MM,1
545,offline,blitz,-26,0,289.0,MM,0
546,offline,blitz,-21,0,282.0,MM,0
547,offline,blitz,-13,-1,270.0,MM,0
548,offline,blitz,-1,0,270.0,MM,1
549,offline,blitz,-5,1,227.0,MM,0
550,offline,blitz,19,0,219.0,MM,0
551,offline,blitz,-5,0,202.0,MM,0
552,offline,blitz,-10,0,284.0,MM,0
553,offline,blitz,-5,0,274.0,MM,0
554,offline,blitz,-9,0,223.0,MM,0
555,offline,blitz,1,0,375.0,MM,1
556,offline,blitz,1,0,242.0,MM,0
557,offline,blitz,5,0,216.0,MM,0
558,offline,blitz,16,0,466.0,MM,0
559,offline,blitz,6,-1,202.0,MM,1
560,offline,blitz,0,0,233.0,MM,1
561,offline,blitz,12,-1,258.0,MM,1
562,offline,blitz,8,0,415.0,MM,1
563,offline,blitz,-7,0,216.0,MM,0
564,offline,blitz,0,0,211.0,MM,0
565,offline,blitz,7,0,210.0,MM,1
566,offline,blitz,2,0,392.0,MM,1
567,offline,blitz,15,0,324.0,MM,0
568,offline,blitz,6,0,282.0,MM,0
569,offline,blitz,-30,0,201.0,MM,0
570,offline,blitz,5,0,223.0,MM,0
571,offline,blitz,3,0,279.0,MM,0
572,offline,blitz,-1,0,231.0,MM,1
573,offline,blitz,8,0,419.0,MM,1
574,offline,blitz,2,-1,203.0,MM,0
575,offline,blitz,0,1,201.0,MM,0
576,offline,blitz,-5,-1,259.0,MM,0
577,offline,blitz,4,0,227.0,MM,0
578,offline,blitz,3,0,216.0,MM,0
579,offline,blitz,6,0,394.0,MM,0
580,offline,blitz,-16,0,222.0,MM,0
581,offline,blitz,2,0,216.0,MM,0
582,offline,blitz,-20,0,221.0,MM,0
583,offline,blitz,-16,0,246.0,MM,0
584,offline,blitz,1,0,434.0,MM,0
585,offline,blitz,10,-1,246.0,MM,0
586,offline,blitz,2,0,255.0,MM,1
587,offline,blitz,6,0,237.0,MM,1
588,offline,blitz,14,0,241.0,MM,1
589,offline,blitz,15,0,329.0,MM,1
590,offline,blitz,3,0,245.0,MM,0
591,offline,blitz,-16,1,259.0,MM,1
592,offline,blitz,11,-1,204.0,MM,0
593,offline,blitz,3,0,232.0,MM,1
594,offline,blitz,9,-1,245.0,MM,0
595,offline,blitz,15,0,212.0,MM,1
596,offline,blitz,2,0,213.0,MM,0
597,offline,blitz,4,0,339.0,MM,0
598,offline,blitz,-36,0,214.0,MM,0
599,offline,blitz,-9,-1,317.0,MM,1
600,offline,blitz,-3,-1,329.0,MM,1
601,offline,blitz,2,0,207.0,MM,1
602,offline,blitz,-7,0,228.0,MM,1
603,offline,blitz,16,0,297.0,MM,1
604,offline,blitz,12,0,334.0,MM,1
605,offline,blitz,31,0,285.0,MM,1
606,offline,blitz,-10,0,213.0,MM,0
607,offline,blitz,-3,1,206.0,MM,0
608,offline,blitz,4,-1,215.0,MM,0
609,offline,blitz,11,0,351.0,MM,0
610,offline,blitz,1,-1,268.0,MM,0
611,offline,blitz,-8,-1,215.0,MM,1
612,offline,blitz,14,0,293.0,MM,0
613,offline,blitz,9,1,251.0,MM,1
614,offline,blitz,-7,-1,212.0,MM,1
615,offline,blitz,19,0,203.0,MM,0
616,offline,blitz,11,-1,224.0,MM,1
617,offline,blitz,18,0,326.0,MM,0
618,offline,blitz,15,0,258.0,MM,1
619,offline,blitz,6,-1,219.0,MM,0
620,offline,blitz,1,0,212.0,MM,1
621,offline,blitz,5,-1,202.0,MM,0
622,offline,blitz,1,0,219.0,MM,1
623,offline,blitz,20,-1,257.0,MM,0
624,offline,blitz,1,0,298.0,MM,0
625,offline,blitz,6,0,267.0,MM,1
626,offline,blitz,-1,1,212.0,MM,0
627,offline,blitz,-4,0,255.0,MM,0
628,offline,blitz,-8,-1,236.0,MM,1
629,offline,blitz,11,1,237.0,MM,1
630,offline,blitz,24,-1,200.0,MM,0
631,offline,blitz,5,0,278.0,MM,0
632,offline,blitz,-13,0,340.0,FF,0
633,offline,blitz,9,0,316.0,FF,0
634,offline,blitz,-2,0,322.0,FF,1
635,offline,blitz,-2,0,299.0,FF,0
636,offline,blitz,-4,0,289.0,FF,0
637,offline,blitz,20,0,284.0,FF,0
638,offline,blitz,2,-1,263.0,FF,1
639,offline,blitz,-8,0,261.0,FF,0
640,offline,blitz,9,0,268.0,FF,1
641,offline,blitz,11,0,269.0,FF,0
642,offline,blitz,3,0,277.0,FF,0
643,offline,blitz,-1,0,270.0,FF,0
644,offline,blitz,9,0,290.0,FF,0
645,offline,blitz,10,-1,305.0,FF,0
646,offline,blitz,4,0,331.0,FF,1
647,offline,blitz,2,0,341.0,FF,0
648,offline,blitz,3,0,346.0,FF,0
649,offline,blitz,0,0,350.0,FF,1
650,offline,blitz,21,0,327.0,FF,0
651,offline,blitz,-2,0,533.0,FF,0
652,offline,blitz,12,0,293.0,FF,1
653,offline,blitz,0,0,273.0,FF,0
654,offline,blitz,-16,0,266.0,FF,0
655,offline,blitz,15,0,256.0,FF,1
656,offline,blitz,10,0,310.0,FF,0
657,offline,blitz,-1,0,786.0,FF,0
658,offline,blitz,-1,0,307.0,FF,1
659,offline,blitz,0,0,330.0,FF,0
660,offline,blitz,4,0,310.0,FF,0
661,offline,blitz,-5,0,302.0,FF,0
662,offline,blitz,6,1,255.0,FF,0
663,offline,blitz,-4,0,285.0,FF,0
664,offline,blitz,7,0,328.0,FF,0
665,offline,blitz,5,0,337.0,FF,0
666,offline,blitz,2,0,502.0,FF,0
667,offline,blitz,11,0,285.0,FF,1
668,offline,blitz,-11,-1,222.0,FF,0
669,offline,blitz,-3,0,268.0,FF,0
670,offline,blitz,11,0,254.0,FF,1
671,offline,blitz,-3,0,237.0,FF,0
672,offline,blitz,9,0,227.0,FF,0
673,offline,blitz,15,0,217.0,FF,0
674,offline,blitz,6,-1,205.0,FF,1
675,offline,blitz,-6,-1,356.0,FF,0
676,offline,blitz,2,1,792.0,FF,0
677,offline,blitz,19,0,234.0,FF,0
678,offline,blitz,1,-1,246.0,FF,0
679,offline,blitz,12,0,220.0,FF,0
680,offline,blitz,1,1,329.0,FF,0
681,offline,blitz,7,0,253.0,FF,0
682,offline,blitz,0,0,243.0,FF,0
683,offline,blitz,14,0,331.0,FF,1
684,offline,blitz,-9,-1,253.0,FF,0
685,offline,blitz,11,-1,271.0,FF,0
686,offline,blitz,2,0,215.0,FF,1
687,offline,blitz,8,-1,220.0,FF,0
688,offline,blitz,7,0,466.0,FF,1
689,offline,blitz,16,0,281.0,FF,0
690,offline,blitz,1,0,262.0,FF,1
691,offline,blitz,15,0,763.0,FF,0
692,offline,blitz,11,-1,249.0,FF,0
693,offline,blitz,-2,1,282.0,FF,0
694,offline,blitz,6,0,310.0,FF,1
695,offline,blitz,14,0,277.0,FF,0
696,offline,blitz,8,0,221.0,FF,1
697,offline,blitz,3,0,302.0,FF,0
698,offline,blitz,13,0,249.0,FF,0
699,offline,blitz,-15,0,237.0,FF,0
700,offline,blitz,-7,0,284.0,FF,0
701,offline,blitz,-1,0,246.0,FF,1
702,offline,blitz,4,0,227.0,FF,1
703,offline,blitz,0,-1,203.0,FF,1
704,offline,blitz,3,-1,202.0,FF,0
705,offline,blitz,6,0,212.0,FF,1
706,offline,blitz,4,0,207.0,FF,0
707,offline,blitz,-6,0,342.0,FF,1
708,offline,blitz,13,0,523.0,FF,0
709,offline,blitz,-21,0,245.0,FF,1
710,offline,blitz,20,0,222.0,FF,0
711,offline,blitz,-5,0,202.0,FF,0
712,offline,blitz,14,0,228.0,FF,1
713,offline,blitz,-2,0,441.0,FF,0
714,offline,blitz,2,0,304.0,FF,0
715,offline,blitz,9,0,204.0,FF,0
716,offline,blitz,-1,-1,322.0,FF,1
717,offline,blitz,5,-1,305.0,FF,0
718,offline,blitz,14,0,479.0,FF,0
719,offline,blitz,8,0,360.0,FF,0
720,offline,blitz,4,-1,225.0,FF,0
721,offline,blitz,17,0,310.0,FF,0
722,offline,blitz,2,-1,244.0,FF,0
723,offline,blitz,-32,0,404.0,FF,0
724,offline,blitz,4,0,258.0,FF,0
725,offline,blitz,5,0,249.0,FF,0
726,offline,blitz,-5,-1,257.0,FF,0
727,offline,blitz,8,0,239.0,FF,1
728,offline,blitz,4,0,239.0,FF,1
729,offline,blitz,22,-1,266.0,FF,0
730,offline,blitz,-2,0,224.0,FF,0
731,offline,blitz,4,0,233.0,FF,1
732,offline,blitz,3,0,233.0,FF,0
733,offline,blitz,-13,0,300.0,FF,0
734,offline,blitz,20,0,235.0,FF,1
735,offline,blitz,-8,-1,206.0,FF,0
736,offline,blitz,6,0,680.0,FF,0
737,offline,blitz,-9,0,262.0,FF,1
738,offline,blitz,7,0,425.0,FF,0
739,offline,blitz,-1,-1,247.0,FF,1
740,offline,blitz,10,-1,208.0,FF,0
741,offline,blitz,-5,0,209.0,FF,1
742,offline,blitz,-2,0,322.0,FF,0
743,offline,blitz,18,1,303.0,FF,1
744,offline,blitz,17,-1,272.0,FF,0
745,offline,blitz,-4,0,405.0,FF,0
746,offline,blitz,-10,0,253.0,FF,0
747,offline,blitz,-2,0,308.0,FF,0
748,offline,blitz,18,0,360.0,FF,0
749,offline,blitz,35,0,234.0,FF,1
750,offline,blitz,16,0,942.0,FF,0
751,offline,blitz,-2,0,242.0,FF,1
752,offline,blitz,-1,0,225.0,FF,0
753,offline,blitz,11,0,245.0,FF,1
754,offline,blitz,-2,0,200.0,FF,0
755,offline,blitz,-9,0,238.0,FF,1
756,offline,blitz,14,0,250.0,FF,0
757,offline,blitz,1,1,269.0,FF,0
758,offline,blitz,10,0,298.0,FF,0
759,offline,blitz,-6,1,221.0,FF,0
760,offline,blitz,4,1,316.0,FF,1
761,offline,blitz,9,-1,284.0,FF,0
762,offline,blitz,-6,-1,245.0,FF,0
763,offline,blitz,3,0,216.0,FF,1
764,offline,blitz,2,0,227.0,FF,0
765,offline,blitz,15,-1,242.0,FF,1
766,offline,blitz,0,0,451.0,FF,0
767,offline,blitz,4,0,644.0,FF,0
768,offline,blitz,-6,0,202.0,FF,0
769,offline,blitz,-3,0,227.0,FF,0
770,offline,blitz,14,1,274.0,FF,1
771,offline,blitz,17,0,243.0,FF,0
772,offline,blitz,6,-1,368.0,FF,1
773,offline,blitz,8,0,252.0,FF,1
774,offline,blitz,40,0,776.0,FF,0
775,offline,rapid,11,0,301.0,MM,0
776,offline,rapid,-3,1,266.0,MM,0
777,offline,rapid,-7,0,264.0,MM,0
778,offline,rapid,2,0,241.0,MM,1
779,offline,rapid,0,-1,242.0,MM,0
780,offline,rapid,4,0,244.0,MM,1
781,offline,rapid,8,0,235.0,MM,1
782,offline,rapid,3,1,228.0,MM,1
783,offline,rapid,2,0,221.0,MM,0
784,offline,rapid,4,0,215.0,MM,1
785,offline,rapid,3,-1,216.0,MM,0
786,offline,rapid,1,0,216.0,MM,1
787,offline,rapid,-24,0,200.0,MM,1
788,offline,rapid,13,0,207.0,MM,1
789,offline,rapid,-3,0,213.0,MM,0
790,offline,rapid,13,0,218.0,MM,0
791,offline,rapid,0,0,216.0,MM,1
792,offline,rapid,1,0,217.0,MM,1
793,offline,rapid,3,0,213.0,MM,0
794,offline,rapid,-6,-1,215.0,MM,1
795,offline,rapid,14,0,212.0,MM,0
796,offline,rapid,-34,-1,214.0,MM,0
797,offline,rapid,-12,0,207.0,MM,0
798,offline,rapid,10,0,207.0,MM,0
799,offline,rapid,-24,0,209.0,MM,0
800,offline,rapid,-2,-1,208.0,MM,1
801,offline,rapid,1,0,210.0,MM,0
802,offline,rapid,0,-1,216.0,MM,0
803,offline,rapid,2,0,215.0,MM,0
804,offline,rapid,-11,0,215.0,MM,0
805,offline,rapid,7,0,213.0,MM,1
806,offline,rapid,13,0,212.0,MM,0
807,offline,rapid,14,0,212.0,MM,0
808,offline,rapid,3,0,217.0,MM,1
809,offline,rapid,-9,-1,217.0,MM,1
810,offline,rapid,10,0,217.0,MM,1
811,offline,rapid,0,0,231.0,MM,1
812,offline,rapid,5,-1,230.0,MM,0
813,offline,rapid,7,-1,230.0,MM,1
814,offline,rapid,8,-1,233.0,MM,0
815,offline,rapid,12,0,273.0,MM,1
816,offline,rapid,-3,1,235.0,MM,0
817,offline,rapid,-12,-1,236.0,MM,0
818,offline,rapid,9,0,219.0,MM,0
819,offline,rapid,-11,-1,207.0,MM,0
820,offline,rapid,2,0,217.0,MM,0
821,offline,rapid,1,0,240.0,MM,0
822,offline,rapid,8,-1,264.0,MM,0
823,offline,rapid,-11,-1,206.0,MM,1
824,offline,rapid,-3,-1,222.0,MM,1
825,offline,rapid,8,0,250.0,MM,1
826,offline,rapid,-2,0,235.0,MM,0
827,offline,rapid,0,0,242.0,MM,1
828,offline,rapid,11,1,221.0,MM,0
829,offline,rapid,8,0,202.0,MM,1
830,offline,rapid,12,0,212.0,MM,1
831,offline,rapid,29,0,202.0,MM,1
832,offline,rapid,1,0,207.0,MM,0
833,offline,rapid,8,0,212.0,MM,0
834,offline,rapid,6,0,209.0,MM,1
835,offline,rapid,3,0,268.0,MM,0
836,offline,rapid,-7,0,236.0,MM,1
837,offline,rapid,6,-1,200.0,MM,0
838,offline,rapid,0,-1,255.0,MM,0
839,offline,rapid,-7,0,260.0,MM,1
840,offline,rapid,-12,-1,240.0,MM,0
841,offline,rapid,13,0,285.0,MM,1
842,offline,rapid,6,-1,247.0,MM,0
843,offline,rapid,2,0,208.0,MM,1
844,offline,rapid,-12,-1,229.0,MM,1
845,offline,rapid,7,0,255.0,MM,1
846,offline,rapid,5,0,249.0,MM,0
847,offline,rapid,-11,-1,205.0,MM,0
848,offline,rapid,-2,-1,210.0,MM,0
849,offline,rapid,9,0,303.0,MM,1
850,offline,rapid,-3,0,260.0,MM,1
851,offline,rapid,-1,0,205.0,MM,1
852,offline,rapid,7,0,216.0,MM,0
853,offline,rapid,-1,0,200.0,MM,1
854,offline,rapid,3,0,232.0,MM,0
855,offline,rapid,7,0,207.0,MM,1
856,offline,rapid,11,0,263.0,MM,0
857,offline,rapid,7,0,206.0,MM,0
858,offline,rapid,1,0,221.0,MM,0
859,offline,rapid,-10,-1,203.0,MM,1
860,offline,rapid,9,0,229.0,MM,0
861,offline,rapid,14,0,223.0,MM,0
862,offline,rapid,-5,-1,233.0,MM,1
863,offline,rapid,8,0,209.0,MM,1
864,offline,rapid,5,0,204.0,MM,1
865,offline,rapid,5,0,222.0,MM,0
866,offline,rapid,-7,0,210.0,MM,1
867,offline,rapid,-23,0,200.0,MM,1
868,offline,rapid,1,0,284.0,MM,1
869,offline,rapid,-8,0,204.0,MM,0
870,offline,rapid,16,0,205.0,MM,0
871,offline,rapid,-5,0,236.0,MM,0
872,offline,rapid,-20,0,250.0,MM,0
873,offline,rapid,11,0,294.0,MM,0
874,offline,rapid,28,0,249.0,MM,1
875,offline,rapid,-2,0,220.0,MM,0
876,offline,rapid,26,0,220.0,MM,0
877,offline,rapid,-5,-1,266.0,MM,1
878,offline,rapid,5,0,246.0,MM,0
879,offline,rapid,29,0,252.0,MM,0
880,offline,rapid,0,0,211.0,MM,1
881,offline,rapid,31,0,236.0,MM,0
882,offline,rapid,4,0,223.0,MM,0
883,offline,rapid,11,0,236.0,MM,0
884,offline,rapid,-12,-1,288.0,MM,1
885,offline,rapid,-3,-1,306.0,MM,0
886,offline,rapid,5,0,237.0,MM,0
887,offline,rapid,-25,0,359.0,MM,0
888,offline,rapid,1,0,238.0,MM,0
889,offline,rapid,6,-1,205.0,MM,1
890,offline,rapid,-9,0,251.0,MM,1
891,offline,rapid,7,-1,234.0,MM,1
892,offline,rapid,-16,0,332.0,FF,0
893,offline,rapid,-7,0,330.0,FF,0
894,offline,rapid,-6,0,328.0,FF,0
895,offline,rapid,7,0,331.0,FF,1
896,offline,rapid,4,-1,343.0,FF,0
897,offline,rapid,-30,0,340.0,FF,0
898,offline,rapid,12,0,326.0,FF,1
899,offline,rapid,9,0,303.0,FF,1
900,offline,rapid,9,0,292.0,FF,1
901,offline,rapid,-12,0,281.0,FF,0
902,offline,rapid,9,0,273.0,FF,0
903,offline,rapid,6,0,285.0,FF,1
904,offline,rapid,3,0,279.0,FF,0
905,offline,rapid,-6,-1,280.0,FF,1
906,offline,rapid,18,0,276.0,FF,0
907,offline,rapid,0,0,308.0,FF,1
908,offline,rapid,13,0,424.0,FF,0
909,offline,rapid,0,0,547.0,FF,0
910,offline,rapid,-8,0,275.0,FF,0
911,offline,rapid,10,-1,235.0,FF,0
912,offline,rapid,22,0,218.0,FF,0
913,offline,rapid,1,0,823.0,FF,0
914,offline,rapid,4,0,366.0,FF,1
915,offline,rapid,15,0,291.0,FF,0
916,offline,rapid,17,-1,327.0,FF,1
917,offline,rapid,-3,-1,323.0,FF,1
918,offline,rapid,-2,1,261.0,FF,0
919,offline,rapid,4,0,323.0,FF,0
920,offline,rapid,1,-1,279.0,FF,0
921,offline,rapid,18,0,295.0,FF,1
922,offline,rapid,31,0,293.0,FF,0
923,offline,rapid,18,0,374.0,FF,1
924,offline,rapid,0,0,260.0,FF,0
925,offline,rapid,9,0,234.0,FF,1
926,offline,rapid,2,0,278.0,FF,1
927,offline,rapid,6,0,248.0,FF,0
928,offline,rapid,0,-1,233.0,FF,0
929,offline,rapid,5,-1,365.0,FF,0
930,offline,rapid,-4,0,312.0,FF,0
931,offline,rapid,16,0,289.0,FF,0
932,offline,rapid,26,0,227.0,FF,0
933,offline,rapid,13,0,780.0,FF,0
934,offline,rapid,14,0,392.0,FF,0
935,offline,rapid,-1,0,253.0,FF,1
936,offline,rapid,6,0,361.0,FF,0
937,offline,rapid,-6,0,246.0,FF,1
938,offline,rapid,-8,0,262.0,FF,1
939,offline,rapid,2,0,219.0,FF,1
940,offline,rapid,10,-1,302.0,FF,0
941,offline,rapid,-9,0,481.0,FF,0
942,offline,rapid,4,0,306.0,FF,1
943,offline,rapid,6,0,966.0,FF,0
944,offline,rapid,-11,0,218.0,FF,0
945,offline,rapid,17,0,238.0,FF,1
946,offline,rapid,10,0,204.0,FF,0
947,offline,rapid,0,0,268.0,FF,1
948,offline,rapid,-14,-1,263.0,FF,0
949,offline,rapid,-6,0,259.0,FF,0
950,offline,rapid,5,0,213.0,FF,1
951,offline,rapid,6,0,385.0,FF,0
952,offline,rapid,5,0,273.0,FF,0
953,offline,rapid,20,-1,220.0,FF,1
954,offline,rapid,1,0,650.0,FF,0
955,offline,rapid,11,1,572.0,FF,0
956,offline,rapid,4,0,435.0,FF,1
957,offline,rapid,-4,0,211.0,FF,0
958,offline,rapid,-9,0,282.0,FF,1
959,offline,rapid,8,0,244.0,FF,1
960,offline,rapid,3,0,228.0,FF,0
961,offline,rapid,3,0,292.0,FF,1
962,offline,rapid,17,0,248.0,FF,0
963,offline,rapid,38,0,320.0,FF,1
964,offline,rapid,6,0,373.0,FF,0
965,offline,rapid,7,0,258.0,FF,0
966,offline,rapid,-12,-1,259.0,FF,1
967,offline,rapid,1,0,261.0,FF,0
968,offline,rapid,9,0,204.0,FF,0
969,offline,rapid,10,0,245.0,FF,0
970,offline,rapid,0,1,321.0,FF,0
971,offline,rapid,17,0,206.0,FF,0
972,offline,rapid,-20,-1,283.0,FF,0
973,offline,rapid,5,0,302.0,FF,0
974,offline,rapid,3,1,326.0,FF,0
975,offline,rapid,10,0,222.0,FF,1
976,offline,rapid,4,0,389.0,FF,0
977,offline,rapid,-2,0,269.0,FF,0
978,offline,rapid,8,0,367.0,FF,0
979,offline,rapid,2,0,245.0,FF,0
980,offline,rapid,9,-1,336.0,FF,0
981,offline,rapid,2,0,270.0,FF,0
982,offline,rapid,11,0,250.0,FF,0
983,offline,rapid,-4,0,270.0,FF,1
984,offline,rapid,6,1,240.0,FF,1
985,offline,rapid,4,0,305.0,FF,0
986,offline,rapid,8,0,235.0,FF,1
987,offline,rapid,-1,0,227.0,FF,1
988,offline,rapid,-1,0,376.0,FF,1
989,offline,rapid,4,1,202.0,FF,0
990,offline,rapid,11,-1,209.0,FF,0
991,offline,rapid,-7,0,458.0,FF,0
992,offline,blitz,-28,0,493.0,MM,0
993,offline,rapid,-10,0,326.0,MM,0
994,offline,rapid,5,0,247.0,MM,0
995,offline,rapid,-20,0,212.0,MM,0
996,offline,rapid,-16,0,471.0,MM,0
997,offline,rapid,-2,0,358.0,MM,0
998,offline,rapid,-19,0,230.0,MM,0
999,offline,rapid,18,0,241.0,MM,1
1000,offline,rapid,-4,0,236.0,MM,0
1001,offline,rapid,4,0,226.0,MM,1
1002,offline,rapid,-1,0,330.0,MM,0
1003,offline,rapid,-8,0,230.0,MM,1
1004,offline,rapid,1,0,523.0,MM,1
1005,offline,rapid,0,0,247.0,MM,0
1006,offline,rapid,2,0,486.0,MM,1
1007,offline,rapid,-3,0,378.0,MM,0
1008,offline,rapid,9,-1,212.0,FF,1
1009,offline,rapid,10,0,355.0,MM,0
1010,offline,rapid,14,0,340.0,MM,1
1011,offline,rapid,5,0,226.0,MM,0
1012,offline,rapid,2,0,406.0,MM,0
1013,offline,blitz,-1,0,268.0,FF,0
1014,offline,blitz,-2,0,235.0,FF,1
1015,offline,blitz,-2,0,278.0,FF,1
1016,online,standard,15,0,935.0,MM,0
1017,online,standard,-40,0,916.0,MM,0
1018,online,standard,12,0,878.0,MM,0
1019,online,standard,12,0,849.0,MF,0
1020,online,standard,-12,0,850.0,MM,0
1021,online,standard,3,0,849.0,MM,0
1022,online,standard,-24,0,814.0,MM,0
1023,online,standard,6,0,806.0,MM,0
1024,online,standard,-2,0,791.0,MM,0
1025,online,standard,38,0,791.0,MM,0
1026,online,standard,-5,0,760.0,MM,0
1027,online,standard,21,0,765.0,MM,0
1028,online,standard,-23,0,786.0,MF,0
1029,online,standard,10,0,790.0,MF,0
1030,online,standard,-4,0,786.0,MF,0
1031,online,standard,-15,0,787.0,MF,0
1032,online,standard,0,0,821.0,MM,0
1033,online,standard,32,0,555.0,MM,1
1034,online,standard,-40,0,530.0,MM,0
1035,online,standard,-10,0,534.0,MF,0
1036,online,standard,-37,0,540.0,MM,0
1037,online,standard,36,0,500.0,MM,1
1038,online,standard,2,0,473.0,MM,0
1039,online,standard,6,0,475.0,MM,0
1040,online,standard,2,0,450.0,MM,0
1041,online,standard,22,0,471.0,MM,1
1042,online,standard,36,0,483.0,MM,1
1043,online,standard,13,0,486.0,MM,0
1044,online,standard,-16,0,477.0,MF,0
1045,online,standard,-18,0,474.0,MM,0
1046,online,standard,17,0,464.0,MM,0
1047,online,standard,-14,0,489.0,MM,1
1048,online,standard,-3,0,482.0,MM,0
1049,online,standard,23,0,490.0,MF,1
1050,online,standard,-12,0,483.0,MM,0
1051,online,standard,-3,0,484.0,MM,0
1052,online,standard,5,0,551.0,MM,0
1053,online,standard,-11,0,654.0,MM,0
1054,online,standard,21,0,870.0,MM,0
1055,online,standard,-31,0,373.0,MM,1
1056,online,standard,-2,0,400.0,MM,0
1057,online,standard,-8,0,348.0,MM,0
1058,online,standard,37,0,238.0,MF,0
1059,online,standard,-31,0,231.0,MM,0
1060,online,standard,-7,0,234.0,MM,0
1061,online,standard,-20,0,255.0,MM,1
1062,online,standard,-5,0,238.0,MM,1
1063,online,standard,25,0,284.0,MM,1
1064,online,standard,-35,0,522.0,MM,0
1065,online,standard,7,0,371.0,MM,0
1066,online,standard,-15,0,735.0,MM,0
1067,online,standard,20,0,990.0,MM,0
1068,online,standard,-2,0,486.0,MM,0
1069,online,standard,10,0,439.0,MM,0
1070,online,standard,14,0,685.0,MF,0
1071,online,standard,13,0,291.0,MM,1
1072,online,standard,31,0,276.0,MM,1
1073,online,standard,41,0,209.0,MF,0
1074,online,standard,25,0,712.0,MM,0
1075,online,standard,19,0,688.0,MM,0
1076,online,standard,5,0,683.0,MF,1
1077,online,standard,15,0,621.0,MF,0
1078,online,standard,18,0,641.0,MM,1
1079,online,standard,-19,0,594.0,MM,0
1080,online,standard,-10,0,611.0,MF,0
1081,online,standard,-1,0,615.0,MF,0
1082,online,standard,38,0,576.0,MF,0
1083,online,standard,-13,0,528.0,MF,0
1084,online,standard,-2,0,329.0,MM,0
1085,online,standard,7,0,252.0,MM,1
1086,online,standard,21,0,448.0,MM,1
1087,online,standard,-37,0,436.0,MM,0
1088,online,standard,-20,0,343.0,MM,0
1089,online,standard,19,0,426.0,MM,0
1090,online,standard,-1,0,218.0,MM,0
1091,online,standard,1,0,236.0,MM,0
1092,online,standard,-5,0,223.0,MM,1
1093,online,standard,3,0,228.0,MM,0
1094,online,standard,15,0,699.0,MM,0
1095,online,standard,-9,0,698.0,MM,0
1096,online,standard,44,0,639.0,MM,0
1097,online,standard,41,0,631.0,MM,0
1098,online,standard,8,0,503.0,MF,0
1099,online,standard,0,0,471.0,MM,0
1100,online,standard,-5,0,460.0,MM,1
1101,online,standard,19,0,416.0,MM,1
1102,online,standard,-7,0,415.0,MM,0
1103,online,standard,-19,0,409.0,MM,0
1104,online,standard,-5,0,520.0,MM,0
1105,online,standard,0,0,565.0,FF,0
1106,online,standard,9,0,487.0,MM,0
1107,online,standard,9,0,839.0,MM,0
1108,online,standard,41,0,800.0,MM,0
1109,online,standard,-13,0,489.0,MM,0
1110,online,standard,16,0,321.0,MM,0
1111,online,standard,28,0,494.0,MF,1
1112,online,standard,-9,0,397.0,MM,0
1113,online,standard,42,0,431.0,MM,0
1114,online,standard,-8,0,303.0,MM,0
1115,online,standard,11,0,308.0,MM,1
1116,online,standard,-2,0,283.0,MM,0
1117,online,standard,19,0,358.0,MM,1
1118,online,standard,33,0,417.0,MM,0
1119,online,standard,22,0,434.0,MF,0
1120,online,standard,-1,0,412.0,MM,0
1121,online,standard,19,0,376.0,MM,1
1122,online,standard,-4,0,427.0,MM,0
1123,online,standard,30,0,394.0,MF,1
1124,online,standard,32,0,513.0,MM,1
1125,online,standard,1,0,499.0,MM,0
1126,online,standard,-20,0,504.0,MM,0
1127,online,standard,-11,0,595.0,MM,0
1128,online,standard,-8,0,599.0,MM,0
1129,online,standard,18,0,489.0,MF,1
1130,online,standard,-49,0,440.0,MM,0
1131,online,standard,14,0,491.0,MF,0
1132,online,standard,14,0,394.0,MF,0
1133,online,standard,8,0,396.0,FF,0
1134,online,standard,27,0,533.0,FM,0
1135,online,standard,-3,0,383.0,MM,1
1136,online,standard,-28,0,439.0,MM,0
1137,online,standard,16,0,503.0,MM,0
1138,online,standard,-5,0,308.0,MM,0
1139,online,standard,31,0,239.0,MM,0
1140,online,standard,35,0,322.0,MM,1
1141,online,standard,30,0,293.0,MM,0
1142,online,standard,21,0,478.0,MF,0
1143,online,standard,40,0,403.0,MF,1
1144,online,standard,-17,0,417.0,MM,0
1145,online,standard,9,0,322.0,MM,1
1146,online,standard,1,0,338.0,MM,0
1147,online,standard,-9,0,715.0,MM,0
1148,online,standard,-11,0,227.0,MM,0
1149,online,standard,25,0,299.0,MM,0
1150,online,standard,-10,0,638.0,MM,0
1151,online,standard,24,0,270.0,MM,1
1152,online,standard,-36,0,322.0,MM,0
1153,online,standard,7,0,481.0,MM,1
1154,online,standard,18,0,326.0,MM,1
1155,online,standard,27,0,361.0,MF,0
1156,online,standard,0,0,371.0,MM,1
1157,online,standard,35,0,350.0,MM,0
1158,online,standard,2,0,318.0,MM,0
1159,online,standard,-3,0,325.0,MF,0
1160,online,standard,37,0,441.0,MM,1
1161,online,standard,-1,0,354.0,FM,1
1162,online,standard,-3,0,295.0,MF,0
1163,online,standard,16,0,615.0,MM,1
1164,online,standard,14,0,748.0,MM,0
1165,online,standard,1,0,275.0,MM,0
1166,online,standard,11,0,262.0,MM,0
1167,online,standard,-1,0,270.0,MM,0
1168,online,standard,26,0,578.0,MM,1
1169,online,standard,18,0,320.0,MF,0
1170,online,standard,28,0,235.0,MM,1
1171,online,standard,0,0,325.0,MM,0
1172,online,standard,19,0,268.0,MM,0
1173,online,standard,18,0,334.0,MM,1
1174,online,standard,15,0,201.0,MM,0
1175,online,standard,30,0,405.0,MM,0
1176,online,standard,10,0,419.0,MF,0
1177,online,standard,36,0,395.0,MM,1
1178,online,standard,-12,0,399.0,MM,0
1179,online,standard,-29,0,428.0,MM,0
1180,online,standard,43,0,664.0,MM,0
1181,online,standard,-18,0,551.0,MF,0
1182,online,standard,-22,0,421.0,MM,0
1183,online,standard,-19,0,669.0,MM,0
1184,online,standard,16,0,561.0,MM,1
1185,online,standard,15,0,473.0,MF,0
1186,online,standard,-12,0,464.0,FM,0
1187,online,standard,15,0,512.0,MM,0
1188,online,standard,-13,0,240.0,MM,0
1189,online,standard,0,0,263.0,MM,0
1190,online,standard,-21,0,516.0,MM,1
1191,online,standard,25,0,430.0,MM,1
1192,online,standard,37,0,410.0,MM,0
1193,online,standard,21,0,386.0,MM,1
1194,online,standard,4,0,281.0,MM,1
1195,online,standard,30,0,355.0,MM,0
1196,online,standard,15,0,373.0,MM,1
1197,online,standard,18,0,319.0,MM,1
1198,online,standard,-15,0,592.0,MM,1
1199,online,standard,-31,0,808.0,MM,0
1200,online,standard,44,0,464.0,MM,1
1201,online,standard,-5,0,230.0,MM,0
1202,online,standard,29,0,300.0,MM,1
1203,online,standard,11,0,361.0,MM,0
1204,online,standard,41,0,524.0,MM,0
1205,online,standard,5,0,383.0,MM,1
1206,online,standard,0,0,378.0,MF,0
1207,online,standard,2,0,383.0,MM,1
1208,online,standard,34,0,260.0,MM,1
1209,online,standard,-15,0,345.0,MM,1
1210,online,standard,30,0,329.0,MF,1
1211,online,standard,-21,0,294.0,FM,0
1212,online,standard,-30,0,513.0,MM,0
1213,online,standard,-13,0,241.0,MM,0
1214,online,standard,-2,0,468.0,MM,0
1215,online,standard,-3,0,292.0,MM,1
1216,online,standard,-9,0,230.0,MM,0
1217,online,standard,-1,0,219.0,MF,1
1218,online,standard,36,0,316.0,MM,0
1219,online,standard,-5,0,555.0,MM,1
1220,online,standard,17,0,535.0,MM,0
1221,online,standard,29,0,473.0,MF,0
1222,online,standard,36,0,361.0,MF,1
1223,online,standard,22,0,502.0,MM,0
1224,online,standard,33,0,263.0,MM,1
1225,online,standard,6,0,396.0,MM,1
1226,online,standard,3,0,411.0,MF,0
1227,online,standard,0,0,361.0,MM,1
1228,online,standard,-26,0,517.0,MM,1
1229,online,standard,14,0,465.0,MF,0
1230,online,standard,19,0,442.0,MF,0
1231,online,standard,23,0,378.0,MM,1
1232,offline,standard,-41,-1,482.0,MM,0
1233,offline,standard,18,0,465.0,MF,0
1234,offline,standard,-13,0,414.0,MF,0
1235,offline,standard,-41,0,407.0,FM,0
1236,offline,standard,-2,0,868.0,MM,0
1237,offline,standard,-27,0,277.0,MM,0
1238,offline,standard,28,0,221.0,MM,1
1239,offline,standard,-16,0,621.0,FM,0
1240,offline,standard,-16,0,304.0,MF,0
1241,offline,standard,-17,-1,219.0,MM,1
1242,offline,standard,3,0,220.0,MM,1
1243,offline,standard,1,0,338.0,MM,0
1244,offline,standard,19,0,238.0,MF,1
1245,offline,standard,2,0,271.0,MM,0
1246,offline,standard,-35,0,504.0,MM,0
1247,offline,standard,-21,0,921.0,MM,0
1248,offline,standard,-11,0,295.0,MF,0
1249,offline,standard,14,0,247.0,MF,0
1250,offline,standard,12,1,663.0,MM,0
1251,offline,standard,-1,0,227.0,MM,0
1252,offline,standard,-47,-1,275.0,FM,0
1253,offline,standard,-4,0,757.0,MM,0
1254,offline,standard,-11,0,567.0,MF,0
1255,offline,blitz,8,0,534.0,MM,0
1256,offline,blitz,0,0,337.0,MM,0
1257,offline,blitz,-6,0,337.0,MM,0
1258,offline,blitz,-12,0,286.0,MM,0
1259,offline,blitz,-1,0,261.0,MM,0
1260,offline,blitz,23,0,263.0,MM,0
1261,offline,blitz,-4,0,268.0,MM,0
1262,offline,blitz,3,0,276.0,MF,0
1263,offline,blitz,-12,0,273.0,MM,0
1264,offline,blitz,0,0,274.0,MF,0
1265,offline,blitz,4,0,274.0,MM,1
1266,offline,blitz,-15,0,293.0,MM,0
1267,offline,blitz,7,0,317.0,MM,0
1268,offline,blitz,-18,0,335.0,MM,0
1269,offline,blitz,-9,0,314.0,MM,0
1270,offline,blitz,0,0,338.0,MF,0
1271,offline,blitz,3,0,361.0,MM,0
1272,offline,blitz,0,0,361.0,MM,0
1273,offline,blitz,-1,0,338.0,MM,0
1274,offline,blitz,2,0,352.0,MM,1
1275,offline,blitz,-18,0,363.0,FM,0
1276,offline,blitz,20,0,454.0,MM,0
1277,offline,blitz,14,0,251.0,MM,0
1278,offline,blitz,-3,0,270.0,MM,0
1279,offline,blitz,-1,0,207.0,MM,1
1280,offline,blitz,7,0,224.0,MM,1
1281,offline,blitz,30,0,243.0,MM,1
1282,offline,blitz,6,0,235.0,MM,0
1283,offline,blitz,-3,0,275.0,MM,1
1284,offline,blitz,-14,0,234.0,MM,0
1285,offline,blitz,-4,0,230.0,MM,0
1286,offline,blitz,-13,0,335.0,MM,0
1287,offline,blitz,1,0,213.0,MM,0
1288,offline,blitz,10,0,328.0,MM,0
1289,offline,blitz,8,0,283.0,MM,0
1290,offline,blitz,-24,0,235.0,MM,0
1291,offline,blitz,-13,0,233.0,MM,0
1292,offline,blitz,1,0,234.0,MF,0
1293,offline,blitz,5,0,327.0,MM,0
1294,offline,blitz,19,0,253.0,MM,1
1295,offline,blitz,-18,0,321.0,FM,0
1296,offline,blitz,4,0,349.0,MM,0
1297,offline,blitz,-1,0,329.0,MM,1
1298,offline,blitz,15,0,261.0,MM,0
1299,offline,blitz,-13,0,265.0,MM,1
1300,offline,blitz,6,0,260.0,MM,0
1301,offline,blitz,-10,0,273.0,MF,1
1302,offline,blitz,8,0,428.0,MM,0
1303,offline,blitz,-9,0,209.0,MM,1
1304,offline,blitz,5,0,331.0,MM,0
1305,offline,blitz,-13,0,434.0,MM,0
1306,offline,blitz,4,0,285.0,MM,0
1307,offline,blitz,11,0,230.0,MM,0
1308,offline,blitz,-1,0,409.0,MM,0
1309,offline,blitz,-3,0,435.0,MM,1
1310,offline,blitz,-7,0,240.0,MM,1
1311,offline,blitz,0,0,289.0,MM,0
1312,offline,blitz,-20,0,381.0,MM,0
1313,offline,blitz,0,0,231.0,MM,1
1314,offline,blitz,20,0,286.0,MM,0
1315,offline,blitz,-19,0,267.0,FM,0
1316,offline,blitz,-1,0,312.0,MM,0
1317,offline,blitz,9,0,439.0,MM,0
1318,offline,blitz,-5,0,267.0,MM,1
1319,offline,blitz,-8,0,297.0,MM,1
1320,offline,blitz,15,0,388.0,MM,1
1321,offline,blitz,-19,0,275.0,MM,0
1322,offline,blitz,1,0,256.0,MM,1
1323,offline,blitz,-6,0,405.0,MM,1
1324,offline,blitz,-20,0,283.0,MM,0
1325,offline,blitz,17,0,289.0,MM,0
1326,offline,blitz,-9,0,223.0,MM,1
1327,offline,blitz,18,0,281.0,MM,1
1328,offline,blitz,-9,0,293.0,MF,1
1329,offline,blitz,-7,0,328.0,MM,0
1330,offline,blitz,8,0,559.0,MM,1
1331,offline,blitz,-12,0,419.0,MM,0
1332,offline,blitz,-5,0,408.0,MF,0
1333,offline,blitz,-8,0,241.0,MM,0
1334,offline,blitz,7,0,309.0,MM,0
1335,offline,blitz,0,0,329.0,MM,0
1336,offline,blitz,10,0,236.0,MM,0
1337,offline,blitz,-8,0,319.0,MM,1
1338,offline,blitz,-7,0,317.0,MM,0
1339,offline,standard,-41,0,323.0,MM,1
1340,offline,standard,22,1,311.0,MM,0
1341,offline,standard,39,1,315.0,MM,0
1342,offline,standard,38,-1,336.0,MM,0
1343,offline,standard,-31,0,342.0,MM,0
1344,offline,standard,-21,-1,328.0,MM,1
1345,offline,standard,11,-1,325.0,MM,1
1346,offline,standard,-1,-1,328.0,MM,0
1347,offline,standard,29,-1,351.0,MM,1
1348,offline,standard,5,-1,370.0,MF,1
1349,offline,standard,26,1,570.0,MM,0
1350,offline,standard,-28,-1,717.0,MM,0
1351,offline,standard,10,-1,469.0,MM,1
1352,offline,standard,-10,-1,353.0,MM,1
1353,offline,standard,15,-1,280.0,MM,0
1354,offline,standard,-9,-1,331.0,MM,0
1355,offline,standard,15,0,244.0,MM,1
1356,offline,standard,5,-1,554.0,MM,0
1357,offline,standard,19,1,353.0,MM,0
1358,offline,standard,-17,0,230.0,MM,1
1359,offline,standard,-37,0,424.0,MM,0
1360,offline,standard,-19,0,402.0,MM,1
1361,offline,standard,18,-1,275.0,MM,0
1362,offline,standard,9,-1,273.0,MM,0
1363,offline,standard,24,-1,214.0,MM,0
1364,offline,standard,-7,-1,399.0,MM,0
1365,offline,standard,12,0,257.0,MM,0
1366,offline,standard,-25,-1,216.0,MM,1
1367,offline,standard,7,-1,438.0,MF,1
1368,offline,standard,17,1,289.0,MM,1
1369,offline,standard,-10,0,531.0,MM,0
1370,offline,standard,-48,0,253.0,MM,0
1371,offline,standard,37,0,512.0,MF,0
1372,offline,standard,-17,0,200.0,MM,1
1373,offline,standard,26,0,240.0,MM,1
1374,offline,standard,34,0,286.0,MM,1
1375,offline,standard,24,0,525.0,MM,0
1376,offline,standard,-36,0,280.0,MM,0
1377,offline,standard,-3,-1,303.0,MM,0
1378,offline,standard,0,0,322.0,MM,1
1379,offline,standard,10,-1,296.0,MF,0
1380,offline,standard,-31,-1,227.0,MM,1
1381,offline,standard,3,0,231.0,MM,1
1382,offline,standard,30,-1,245.0,MM,1
1383,offline,standard,18,-1,221.0,MM,1
1384,offline,standard,29,0,261.0,MM,0
1385,offline,standard,41,-1,255.0,MF,1
1386,offline,standard,-6,0,264.0,MM,0
1387,offline,standard,-12,0,352.0,MM,1
1388,offline,standard,47,-1,234.0,MF,0
1389,offline,standard,27,-1,216.0,MM,1
1390,offline,standard,-2,0,471.0,MM,1
1391,offline,standard,-22,-1,447.0,MM,1
1392,offline,standard,-8,-1,230.0,MM,0
1393,offline,standard,2,0,222.0,MM,1
1394,offline,standard,9,0,400.0,MM,1
1395,offline,standard,3,-1,676.0,MM,0
1396,online,rapid,-33,0,218.0,MM,1
1397,online,rapid,3,0,250.0,MM,1
1398,online,rapid,-18,0,205.0,MM,1
1399,online,rapid,-21,0,294.0,MM,0
1400,online,rapid,-24,0,338.0,MM,0
1401,online,rapid,-10,0,253.0,MM,0
1402,online,rapid,-7,0,209.0,MM,1
1403,online,rapid,0,0,241.0,FF,1
1404,online,rapid,0,0,320.0,FF,0
1405,online,rapid,2,0,263.0,FF,0
1406,offline,standard,-32,0,288.0,MM,0
1407,offline,standard,-32,0,288.0,MM,0
1408,online,rapid,-4,0,293.0,MF,0
1409,online,rapid,-3,0,309.0,MF,0
1410,online,rapid,-13,0,319.0,MM,0
1411,online,rapid,7,0,313.0,MM,0
1412,online,rapid,-6,0,243.0,MM,1
1413,online,rapid,2,0,320.0,MM,1
1414,online,rapid,2,0,215.0,MM,0
1415,online,rapid,-3,0,332.0,MM,0
1416,online,rapid,-9,0,273.0,MF,0
1417,online,rapid,9,0,244.0,MM,0
1418,online,rapid,-2,0,348.0,MM,1
1419,online,rapid,-3,0,222.0,MM,0
1420,online,rapid,-8,0,339.0,MM,0
1421,online,rapid,6,0,274.0,MF,1
1422,online,rapid,-7,0,355.0,MM,0
1423,online,rapid,-1,0,263.0,MM,1
1424,online,rapid,-8,0,312.0,MM,0
1425,online,rapid,0,0,279.0,MM,1
1426,online,standard,2,0,285.0,MM,0
1427,online,standard,2,0,285.0,MM,1
1428,online,standard,-8,0,353.0,MM,0
1429,online,standard,-8,0,353.0,MM,0
1430,online,standard,-19,0,1116.0,MM,0
1431,online,standard,-15,0,617.0,MM,0
1432,online,standard,-8,0,248.0,MM,0
1433,online,standard,-6,0,219.0,MM,0
1434,online,standard,-19,0,1116.0,MM,0
1435,online,standard,-15,0,617.0,MM,0
1436,online,standard,-8,0,248.0,MM,0
1437,online,standard,-6,0,219.0,MM,1
1438,online,standard,-19,0,723.0,MM,0
1439,online,standard,-16,0,430.0,MM,0
1440,online,standard,-19,0,723.0,MM,1
1441,online,standard,-16,0,430.0,MM,0
1442,online,standard,6,0,478.0,MF,0
1443,online,standard,-7,0,327.0,MM,0
1444,online,standard,6,0,478.0,MF,0
1445,online,standard,-7,0,327.0,MM,0
1446,online,standard,4,0,534.0,MF,0
1447,online,standard,4,0,534.0,MF,0
1448,online,standard,-15,0,403.0,MF,0
1449,online,standard,25,0,351.0,MF,1
1450,online,standard,-15,0,403.0,MF,1
1451,online,standard,25,0,351.0,MF,0
1452,online,standard,9,0,435.0,MF,0
1453,online,standard,9,0,435.0,MF,0
1454,online,standard,-8,0,754.0,MM,0
1455,online,standard,-8,0,754.0,MM,0
1456,online,standard,10,0,357.0,MM,1
1457,online,standard,10,0,357.0,MM,1
1458,online,standard,11,0,646.0,MF,0
1459,online,standard,34,0,271.0,MM,0
1460,online,standard,11,0,646.0,MF,1
1461,online,standard,34,0,271.0,MM,1
1462,online,standard,-2,0,691.0,MF,0
1463,online,standard,-4,0,553.0,MF,1
1464,online,standard,40,0,298.0,MM,0
1465,online,standard,-2,0,691.0,MF,0
1466,online,standard,-4,0,553.0,MF,0
1467,online,standard,40,0,298.0,MM,0
1468,offline,standard,4,0,260.0,MM,0
1469,offline,standard,4,0,260.0,MM,0
1470,online,blitz,-35,0,404.0,MF,0
1471,online,blitz,30,0,465.0,MF,0
1472,online,blitz,-3,0,419.0,MM,0
1473,online,blitz,-31,0,527.0,MM,0
1474,online,blitz,8,0,574.0,MF,0
1475,online,blitz,-44,0,579.0,MM,0
1476,online,blitz,-12,0,604.0,MM,0
1477,online,blitz,14,0,623.0,MF,0
1478,online,blitz,0,0,633.0,MF,0
1479,online,blitz,-4,0,640.0,MF,0
1480,online,blitz,-4,0,799.0,MM,0
1481,online,blitz,-1,0,225.0,MM,0
1482,online,blitz,13,0,224.0,MM,0
1483,online,blitz,6,0,233.0,MF,1
1484,online,blitz,-32,0,212.0,MM,0
1485,online,blitz,18,0,227.0,MM,0
1486,online,blitz,-8,0,248.0,MM,1
1487,online,blitz,-27,0,260.0,MM,1
1488,online,blitz,7,0,243.0,MM,0
1489,online,blitz,-2,0,237.0,MM,1
1490,online,blitz,-2,0,758.0,MF,0
1491,online,blitz,12,0,620.0,MF,0
1492,online,blitz,-33,0,550.0,FM,0
1493,online,blitz,-7,0,238.0,MM,1
1494,online,blitz,37,0,231.0,MM,1
1495,online,blitz,20,0,201.0,MF,0
1496,online,blitz,-25,0,226.0,MM,1
1497,online,blitz,10,0,237.0,MM,0
1498,online,blitz,23,0,264.0,MM,1
1499,online,blitz,-31,0,370.0,MF,0
1500,online,blitz,-6,0,389.0,MM,0
1501,online,blitz,-22,0,431.0,MM,0
1502,online,blitz,10,0,244.0,MM,0
1503,online,blitz,26,0,210.0,MM,0
1504,online,blitz,-32,0,227.0,MM,0
1505,online,blitz,33,0,224.0,MM,1
1506,online,blitz,-18,0,217.0,MM,0
1507,online,blitz,-1,0,283.0,MF,0
1508,online,blitz,-30,0,272.0,MM,0
1509,online,blitz,-15,0,364.0,MM,1
1510,online,blitz,4,0,201.0,MM,0
1511,online,blitz,-3,0,267.0,MM,1
1512,online,blitz,17,0,419.0,MM,1
1513,online,blitz,-2,0,410.0,MF,0
1514,online,blitz,31,0,424.0,MF,0
1515,online,blitz,10,0,434.0,MM,0
1516,online,blitz,-19,0,317.0,MM,0
1517,online,blitz,20,0,212.0,MM,1
1518,online,blitz,-7,0,342.0,MM,0
1519,online,blitz,-30,0,257.0,MF,0
1520,online,blitz,34,0,303.0,MM,0
1521,online,blitz,-10,0,365.0,MM,1
1522,online,blitz,3,0,588.0,MM,0
1523,online,blitz,0,0,533.0,MF,0
1524,online,blitz,9,0,224.0,MM,0
1525,online,blitz,11,0,207.0,MM,1
1526,online,blitz,10,0,226.0,MM,0
1527,online,blitz,-14,0,250.0,MF,0
1528,online,blitz,3,0,265.0,MF,1
1529,online,blitz,-7,0,253.0,MM,0
1530,online,blitz,-21,0,218.0,MM,1
1531,online,blitz,30,0,244.0,MM,0
1532,online,blitz,9,0,245.0,MM,0
1533,online,blitz,26,0,299.0,MM,0
1534,online,blitz,-21,0,212.0,MM,0
1535,online,blitz,2,0,329.0,MF,0
1536,online,blitz,7,0,249.0,MM,1
1537,online,blitz,-11,0,498.0,MM,0
1538,online,blitz,-4,0,433.0,MM,0
1539,online,blitz,31,0,236.0,MM,0
1540,online,blitz,2,0,269.0,MM,1
1541,online,blitz,-5,0,315.0,MM,1
1542,online,blitz,-15,0,283.0,MF,1
1543,online,blitz,19,0,225.0,MF,1
1544,online,blitz,-14,0,208.0,MM,1
1545,online,blitz,-2,0,422.0,MM,0
1546,online,blitz,24,0,465.0,MM,1
1547,online,blitz,-7,0,246.0,MM,0
1548,online,blitz,10,0,200.0,MM,0
1549,online,blitz,0,0,314.0,MM,0
1550,online,blitz,20,0,278.0,MM,0
1551,online,blitz,2,0,1174.0,MM,0
1552,online,blitz,0,0,1233.0,MM,0
1553,online,blitz,-1,0,595.0,MM,0
1554,online,blitz,1,0,595.0,MM,0
1555,online,blitz,-1,0,493.0,FM,0
1556,online,blitz,-3,0,500.0,MM,0
1557,online,blitz,-1,0,477.0,MM,1
1558,online,blitz,2,0,510.0,MF,0
1559,online,blitz,-1,0,586.0,MM,1
1560,online,blitz,4,0,583.0,MM,0
1561,online,blitz,0,0,583.0,MM,0
1562,online,blitz,-1,0,562.0,MM,0
1563,online,blitz,0,0,546.0,FM,0
1564,online,blitz,0,0,500.0,MM,0
1565,online,blitz,2,0,494.0,FM,0
1566,online,blitz,4,0,321.0,MM,0
1567,online,blitz,-2,0,326.0,MM,0
1568,online,blitz,-3,0,330.0,FM,0
1569,online,blitz,1,0,844.0,MM,1
1570,online,blitz,-3,0,602.0,FM,0
1571,online,blitz,4,0,223.0,MF,0
1572,online,blitz,0,0,469.0,MM,0
1573,online,blitz,-1,0,544.0,MM,0
1574,online,blitz,2,0,551.0,MF,0
1575,online,blitz,2,0,676.0,MM,0
1576,online,blitz,0,0,461.0,MF,0
1577,online,blitz,3,0,577.0,FF,0
1578,online,blitz,0,0,367.0,FM,0
1579,online,blitz,-1,0,259.0,MM,1
1580,online,blitz,0,0,303.0,FM,1
1581,online,blitz,2,0,305.0,MM,0
1582,online,blitz,0,0,302.0,FM,1
1583,online,blitz,-1,0,304.0,MM,0
1584,online,blitz,-1,0,686.0,MM,1
1585,online,blitz,0,0,261.0,MM,0
1586,online,blitz,-2,0,533.0,MM,0
1587,online,blitz,1,0,517.0,MM,1
1588,online,blitz,-1,0,558.0,MF,1
1589,online,blitz,0,0,436.0,MF,0
1590,online,blitz,0,0,529.0,MM,0
1591,online,blitz,1,0,572.0,MM,0
1592,online,blitz,0,0,487.0,FM,0
1593,online,blitz,-3,0,383.0,FM,0
1594,online,blitz,0,0,337.0,MM,1
1595,online,blitz,-3,0,484.0,MF,0
1596,online,blitz,-3,0,795.0,MM,0
1597,online,blitz,3,0,247.0,MM,1
1598,online,blitz,1,0,237.0,MM,1
1599,online,blitz,3,0,440.0,MM,1
1600,online,blitz,2,0,400.0,MM,1
1601,online,blitz,-1,0,269.0,MM,1
1602,online,blitz,0,0,571.0,FF,0
1603,online,blitz,0,0,674.0,MF,0
1604,online,blitz,1,0,325.0,MM,0
1605,online,blitz,3,0,398.0,MM,1
1606,online,blitz,2,0,330.0,MF,0
1607,online,blitz,1,0,448.0,MM,1
1608,online,blitz,0,0,377.0,MM,0
1609,online,blitz,0,0,213.0,MM,1
1610,online,blitz,0,0,280.0,MF,0
1611,online,blitz,-1,0,436.0,MM,1
1612,online,blitz,4,0,463.0,MM,0
1613,online,blitz,0,0,429.0,FM,1
1614,online,blitz,-1,0,412.0,FM,1
1615,online,blitz,0,0,444.0,FF,0
1616,online,blitz,-1,0,435.0,MM,0
1617,online,blitz,-2,0,537.0,MM,1
1618,online,blitz,2,0,478.0,MM,0
1619,online,blitz,1,0,288.0,MM,1
1620,online,blitz,0,0,344.0,MF,1
1621,online,blitz,-1,0,432.0,MM,1
1622,online,blitz,-2,0,360.0,MM,0
1623,online,blitz,0,0,676.0,FF,0
1624,online,blitz,-1,0,1003.0,MM,0
1625,online,blitz,2,0,1074.0,MM,0
1626,online,blitz,0,0,1019.0,MF,1
1627,online,blitz,4,0,675.0,MM,1
1628,online,blitz,0,0,586.0,MF,0
1629,online,blitz,-4,0,598.0,MM,0
1630,online,blitz,-2,0,563.0,FM,0
1631,online,blitz,2,0,578.0,MM,0
1632,online,blitz,-1,0,332.0,MM,0
1633,online,blitz,1,0,451.0,MF,0
1634,online,blitz,0,0,798.0,MF,0
1635,online,blitz,-2,0,620.0,MM,0
1636,online,blitz,0,0,678.0,MM,0
1637,online,blitz,2,0,465.0,MF,0
1638,online,blitz,-2,0,288.0,MM,0
1639,online,blitz,1,0,372.0,MM,0
1640,online,blitz,-2,0,501.0,FM,0
1641,online,blitz,0,0,630.0,MM,1
1642,online,blitz,0,0,386.0,FF,1
1643,online,blitz,-2,0,649.0,MM,0
1644,online,blitz,-1,0,301.0,MF,1
1645,online,blitz,2,0,225.0,FM,1
1646,online,blitz,-1,0,276.0,MM,0
1647,online,blitz,-2,0,466.0,MM,0
1648,online,blitz,-2,0,570.0,MM,0
1649,online,blitz,0,0,597.0,FM,0
1650,online,blitz,0,0,268.0,MM,0
1651,online,blitz,-3,0,362.0,MM,1
1652,online,blitz,-1,0,398.0,MM,0
1653,online,blitz,0,0,422.0,MM,1
1654,online,blitz,0,0,405.0,MM,1
1655,online,blitz,2,0,492.0,MM,0
1656,online,blitz,0,0,746.0,MM,0
1657,online,blitz,3,0,318.0,MM,0
1658,online,blitz,-2,0,208.0,FM,1
1659,online,blitz,0,0,939.0,MM,0
1660,online,blitz,1,0,893.0,MM,0
1661,online,blitz,1,0,919.0,MM,1
1662,online,blitz,1,0,956.0,MM,1
1663,online,blitz,-1,0,1009.0,MM,0
1664,online,blitz,4,0,1016.0,MM,1
1665,online,blitz,2,0,608.0,MM,0
1666,online,blitz,1,0,597.0,MM,0
1667,online,blitz,0,0,692.0,MM,1
1668,online,blitz,0,0,724.0,MM,0
1669,online,blitz,3,0,564.0,MF,0
1670,online,blitz,1,0,407.0,MM,0
1671,online,blitz,1,0,376.0,MF,0
1672,online,blitz,-3,0,567.0,MM,0
1673,online,blitz,-1,0,790.0,MM,0
1674,online,blitz,-3,0,295.0,MM,0
1675,online,blitz,2,0,360.0,FM,1
1676,online,blitz,-2,0,336.0,MM,0
1677,online,blitz,1,0,329.0,MM,1
1678,online,blitz,2,0,584.0,FM,0
1679,online,blitz,-3,0,651.0,FM,0
1680,online,blitz,3,0,649.0,MM,0
1681,online,blitz,2,0,358.0,MF,1
1682,online,blitz,1,0,457.0,MM,1
1683,online,blitz,0,0,350.0,MM,0
1684,online,blitz,-1,0,459.0,FM,1
1685,online,blitz,0,0,271.0,FM,1
1686,online,blitz,0,0,394.0,MM,0
1687,online,blitz,2,0,383.0,MM,1
1688,online,blitz,-3,0,272.0,MM,0
1689,online,blitz,4,0,277.0,MF,1
1690,online,blitz,-1,0,679.0,MM,0
1691,online,blitz,4,0,427.0,MM,0
1692,online,blitz,0,0,244.0,MF,1
1693,online,blitz,1,0,1050.0,FM,1
1694,online,blitz,1,0,245.0,MM,1
1695,online,blitz,1,0,372.0,MM,0
1696,online,blitz,-2,0,499.0,MM,0
1697,online,blitz,2,0,831.0,MM,0
1698,online,blitz,-1,0,409.0,MM,0
1699,online,blitz,2,0,369.0,MM,0
1700,online,blitz,0,0,293.0,MM,0
1701,online,blitz,0,0,313.0,MM,1
1702,online,blitz,2,0,566.0,MM,0
1703,online,blitz,-3,0,249.0,FM,0
1704,online,blitz,0,0,497.0,MM,1
1705,online,blitz,0,0,739.0,MM,1
1706,online,blitz,-2,0,230.0,MM,1
1707,online,blitz,3,0,245.0,MM,0
1708,online,blitz,0,0,550.0,MM,0
1709,online,blitz,2,0,886.0,MM,1
1710,online,blitz,1,0,1305.0,MF,0
1711,online,blitz,-1,0,1216.0,MF,0
1712,online,blitz,2,0,664.0,MM,0
1713,online,blitz,-1,0,625.0,MM,0
1714,online,blitz,-1,0,615.0,MM,0
1715,online,blitz,0,0,636.0,MM,0
1716,online,blitz,0,0,609.0,MM,1
1717,online,blitz,0,0,437.0,MM,0
1718,online,blitz,2,0,325.0,MF,0
1719,online,blitz,-3,0,443.0,MM,0
1720,online,blitz,2,0,455.0,MM,1
1721,online,blitz,0,0,728.0,FF,0
1722,online,blitz,0,0,530.0,MM,0
1723,online,blitz,1,0,400.0,MM,0
1724,online,blitz,1,0,460.0,MM,0
1725,online,blitz,1,0,423.0,MM,0
1726,online,blitz,0,0,850.0,FF,0
1727,online,blitz,2,0,693.0,MF,0
1728,online,blitz,0,0,386.0,MF,0
1729,online,blitz,1,0,285.0,FM,1
1730,online,blitz,1,0,245.0,MM,1
1731,online,blitz,1,0,344.0,MM,0
1732,online,blitz,-1,0,642.0,MF,0
1733,online,blitz,2,0,664.0,MF,0
1734,online,blitz,1,0,212.0,MM,1
1735,online,blitz,2,0,548.0,MM,0
1736,online,blitz,2,0,786.0,MF,0
1737,online,blitz,3,0,1217.0,MM,0
1738,online,blitz,1,0,1171.0,MF,0
1739,online,blitz,3,0,1181.0,MM,0
1740,online,blitz,3,0,1182.0,MF,0
1741,online,blitz,1,0,1239.0,MM,0
1742,online,blitz,0,0,616.0,MM,0
1743,online,blitz,-2,0,596.0,MM,0
1744,online,blitz,0,0,529.0,FM,0
1745,online,blitz,2,0,548.0,MM,1
1746,online,blitz,0,0,577.0,FM,0
1747,online,blitz,4,0,583.0,MF,0
1748,online,blitz,1,0,390.0,MF,0
1749,online,blitz,2,0,225.0,MM,1
1750,online,blitz,1,0,484.0,FM,0
1751,online,blitz,1,0,378.0,MM,1
1752,online,blitz,-2,0,300.0,MM,0
1753,online,blitz,0,0,336.0,MF,0
1754,online,blitz,0,0,250.0,MM,0
1755,online,blitz,2,0,522.0,FF,0
1756,online,blitz,1,0,453.0,MM,0
1757,online,blitz,2,0,504.0,MM,1
1758,online,blitz,1,0,500.0,MM,0
1759,online,blitz,0,0,580.0,MM,0
1760,online,blitz,2,0,455.0,MM,0
1761,online,blitz,3,0,471.0,MM,1
1762,online,blitz,0,0,671.0,MM,0
1763,online,blitz,-1,0,769.0,MM,0
1764,online,blitz,0,0,277.0,MM,0
1765,online,blitz,0,0,203.0,MF,0
1766,online,blitz,2,0,367.0,MF,0
1767,online,blitz,2,0,387.0,FM,0
1768,online,blitz,-3,0,563.0,FM,0
1769,online,blitz,-2,0,397.0,MM,1
1770,online,blitz,4,0,325.0,MM,1
1771,online,blitz,-1,0,200.0,MM,1
1772,online,blitz,2,0,324.0,MM,0
1773,online,blitz,-1,0,389.0,FF,0
1774,online,blitz,0,0,566.0,MM,0
1775,online,blitz,0,0,724.0,MF,0
1776,online,blitz,3,0,269.0,MF,0
1777,online,blitz,2,0,204.0,MM,1
1778,online,blitz,2,0,360.0,FM,1
1779,online,blitz,0,0,417.0,MF,1
1780,online,blitz,0,0,887.0,MM,0
1781,online,blitz,4,0,249.0,MM,0
1782,online,blitz,2,0,205.0,MM,0
1783,online,blitz,1,0,205.0,FM,1
1784,online,blitz,1,0,559.0,MF,0
1785,online,blitz,-2,0,385.0,FM,0
1786,online,blitz,3,0,368.0,MF,0
1787,online,blitz,4,0,738.0,MM,0
1788,online,blitz,-1,0,333.0,MM,1
1789,online,blitz,1,0,408.0,MM,0
1790,online,blitz,0,0,269.0,MF,1
1791,online,blitz,1,0,437.0,MM,0
1792,online,blitz,3,0,581.0,MM,1
1793,online,blitz,0,0,577.0,MM,1
1794,online,blitz,4,0,545.0,MF,1
1795,online,blitz,0,0,273.0,MM,0
1796,online,blitz,-1,0,1034.0,MM,0
1797,online,blitz,1,0,265.0,FM,1
1798,online,blitz,1,0,686.0,MM,0
1799,online,blitz,2,0,431.0,MF,0
1800,online,blitz,3,0,634.0,MM,0
1801,online,blitz,-1,0,205.0,MM,0
1802,online,blitz,-1,0,249.0,FF,0
1803,online,blitz,1,0,476.0,MM,0
1804,online,blitz,3,0,480.0,MF,0
1805,online,blitz,0,0,351.0,MM,1
1806,online,blitz,4,0,528.0,MM,0
1807,online,blitz,-2,0,1000.0,MM,0
1808,online,blitz,-3,0,1045.0,MM,0
1809,online,blitz,-2,0,1038.0,MM,0
1810,online,blitz,2,0,1036.0,MF,0
1811,online,blitz,-1,0,695.0,MM,0
1812,online,blitz,4,0,360.0,MM,0
1813,online,blitz,-2,0,1028.0,MM,0
1814,online,blitz,1,0,339.0,MM,0
1815,online,blitz,4,0,985.0,MM,0
1816,online,blitz,2,0,497.0,MF,0
1817,online,blitz,-3,0,627.0,MM,1
1818,online,blitz,2,0,477.0,FM,1
1819,online,blitz,-3,0,476.0,MM,0
1820,online,blitz,4,0,1009.0,MM,0
1821,online,blitz,0,0,456.0,MM,0
1822,online,blitz,-4,0,724.0,FM,0
1823,online,blitz,-1,0,405.0,MM,0
1824,online,blitz,-1,0,385.0,MM,0
1825,online,blitz,1,0,696.0,MM,0
1826,online,blitz,0,0,571.0,MF,1
1827,online,blitz,1,0,211.0,MM,0
1828,online,blitz,-1,0,624.0,MM,0
1829,online,blitz,1,0,634.0,MM,0
1830,online,blitz,2,0,247.0,MM,1
1831,online,blitz,2,0,584.0,MM,0
1832,online,blitz,-1,0,473.0,MM,0
1833,online,blitz,-2,0,547.0,MM,0
1834,online,blitz,0,0,636.0,FM,0
1835,online,blitz,2,0,806.0,FM,0
1836,online,blitz,4,0,203.0,MM,1
1837,online,blitz,0,0,282.0,MM,1
1838,online,blitz,0,0,325.0,FM,0
1839,online,blitz,3,0,242.0,MM,0
1840,online,blitz,1,0,520.0,MM,0
1841,online,blitz,-1,0,334.0,MM,0
1842,online,blitz,0,0,311.0,MM,0
1843,online,blitz,0,0,283.0,MF,0
1844,online,blitz,0,0,559.0,MM,0
1845,online,blitz,0,0,460.0,FF,0
1846,online,blitz,0,0,834.0,MM,0
1847,online,blitz,-1,0,794.0,MM,0
1848,online,blitz,2,0,262.0,MM,0
1849,online,blitz,0,0,262.0,MM,0
1850,online,blitz,-3,0,423.0,FM,0
1851,online,blitz,-3,0,469.0,MM,0
1852,online,blitz,3,0,312.0,MF,1
1853,online,blitz,0,0,836.0,MF,1
1854,online,blitz,-2,0,547.0,MM,0
1855,online,blitz,2,0,308.0,MF,0
1856,online,blitz,2,0,260.0,MM,1
1857,online,blitz,3,0,783.0,MM,0
1858,online,blitz,0,0,756.0,MM,0
1859,online,blitz,2,0,970.0,MM,0
1860,online,blitz,0,0,558.0,MF,0
1861,online,blitz,-2,0,830.0,MM,0
1862,online,blitz,-1,0,870.0,FM,0
1863,online,blitz,3,0,531.0,MM,1
1864,online,blitz,-3,0,405.0,MM,0
1865,online,blitz,0,0,430.0,MM,0
1866,online,blitz,3,0,411.0,MF,0
1867,online,blitz,-2,0,415.0,MM,0
1868,online,blitz,1,0,436.0,MM,0
1869,online,blitz,0,0,571.0,MM,0
1870,online,blitz,-1,0,348.0,MM,0
1871,online,blitz,0,0,917.0,MM,0
1872,online,blitz,-2,0,696.0,MM,0
1873,online,blitz,0,0,743.0,MF,0
1874,online,blitz,-1,0,695.0,MM,0
1875,online,blitz,2,0,1041.0,MF,0
1876,online,blitz,1,0,459.0,MM,0
1877,online,blitz,-2,0,347.0,FM,1
1878,online,blitz,3,0,506.0,MM,0
1879,online,blitz,1,0,359.0,MM,1
1880,online,blitz,0,0,353.0,MF,0
1881,online,blitz,0,0,348.0,FM,1
1882,online,blitz,1,0,779.0,MM,0
1883,online,blitz,1,0,354.0,FM,0
1884,online,blitz,3,0,413.0,MM,1
1885,online,blitz,-1,0,293.0,MM,1
1886,online,blitz,-1,0,374.0,MM,0
1887,online,blitz,2,0,638.0,FF,0
1888,online,blitz,2,0,817.0,MM,0
1889,online,blitz,4,0,372.0,MM,0
1890,online,blitz,-1,0,276.0,MM,0
1891,online,blitz,-1,0,372.0,MF,1
1892,online,blitz,-4,0,379.0,FM,0
1893,online,blitz,0,0,525.0,FM,0
1894,online,blitz,-2,0,582.0,MM,1
1895,online,blitz,1,0,604.0,MM,1
1896,online,blitz,2,0,579.0,MF,0
1897,online,blitz,-2,0,477.0,FM,0
1898,online,blitz,0,0,367.0,MM,1
1899,online,blitz,1,0,566.0,MF,0
1900,online,blitz,0,0,469.0,MM,0
1901,online,blitz,-3,0,459.0,MM,0
1902,online,blitz,3,0,467.0,MM,0
1903,online,blitz,2,0,639.0,MM,1
1904,online,blitz,0,0,708.0,MM,0
1905,online,blitz,3,0,1343.0,MM,0
1906,online,blitz,0,0,340.0,MF,0
1907,online,blitz,4,0,393.0,MM,1
1908,online,blitz,-2,0,397.0,MM,0
1909,online,blitz,-1,0,478.0,MM,1
1910,online,blitz,2,0,308.0,MF,0
1911,online,blitz,3,0,751.0,MM,0
1912,online,blitz,3,0,239.0,MM,1
1913,online,blitz,-1,0,419.0,MM,0
1914,online,blitz,2,0,403.0,MM,1
1915,online,blitz,2,0,536.0,MM,0
1916,online,blitz,-1,0,546.0,MM,0
1917,online,blitz,-1,0,730.0,FM,0
1918,online,blitz,4,0,938.0,MF,0
1919,online,blitz,3,0,920.0,MM,0
1920,online,blitz,2,0,924.0,MF,0
1921,online,blitz,1,0,969.0,MM,0
1922,online,blitz,-1,0,1100.0,MM,0
1923,online,blitz,0,0,959.0,MF,0
1924,online,blitz,2,0,916.0,MF,0
1925,online,blitz,0,0,974.0,MM,0
1926,online,blitz,1,0,1139.0,MM,0
1927,online,blitz,3,0,558.0,MF,0
1928,online,blitz,1,0,558.0,MM,0
1929,online,blitz,-1,0,544.0,MM,0
1930,online,blitz,0,0,520.0,MF,1
1931,online,blitz,3,0,513.0,FF,0
1932,online,blitz,3,0,559.0,MM,0
1933,online,blitz,1,0,531.0,MM,0
1934,online,blitz,2,0,514.0,MM,0
1935,online,blitz,3,0,508.0,MM,0
1936,online,blitz,-1,0,517.0,MM,0
1937,online,blitz,3,0,347.0,MM,0
1938,online,blitz,0,0,280.0,MF,0
1939,online,blitz,-1,0,285.0,MM,0
1940,online,blitz,2,0,330.0,MM,0
1941,online,blitz,-2,0,315.0,MM,0
1942,online,blitz,1,0,279.0,MM,0
1943,online,blitz,-2,0,295.0,FM,1
1944,online,blitz,0,0,701.0,FF,0
1945,online,blitz,-1,0,342.0,MF,0
1946,online,blitz,0,0,490.0,MF,0
1947,online,blitz,1,0,293.0,MM,1
1948,online,blitz,-2,0,619.0,MM,1
1949,online,blitz,2,0,619.0,MF,1
1950,online,blitz,0,0,245.0,MM,0
1951,online,blitz,0,0,332.0,MM,1
1952,online,blitz,-2,0,555.0,FM,0
1953,online,blitz,1,0,560.0,MF,0
1954,online,blitz,3,0,273.0,MM,0
1955,online,blitz,2,0,494.0,FM,0
1956,online,blitz,0,0,714.0,MM,0
1957,online,blitz,0,0,512.0,MF,0
1958,online,blitz,2,0,478.0,MM,0
1959,online,blitz,0,0,530.0,MM,0
1960,online,blitz,-2,0,483.0,MM,0
1961,online,blitz,-1,0,631.0,MM,0
1962,online,blitz,0,0,316.0,MM,0
1963,online,blitz,0,0,720.0,FM,0
1964,online,blitz,-2,0,324.0,MM,0
1965,online,blitz,0,0,352.0,MF,0
1966,online,blitz,-3,0,346.0,MM,0
1967,online,blitz,-1,0,544.0,MM,0
1968,online,blitz,1,0,652.0,MM,0
1969,online,blitz,-1,0,596.0,MM,0
1970,online,blitz,2,0,421.0,MF,1
1971,online,blitz,-1,0,671.0,MM,0
1972,online,blitz,4,0,312.0,MM,0
1973,online,blitz,0,0,340.0,MM,1
1974,online,blitz,-1,0,370.0,MM,0
1975,online,blitz,0,0,387.0,MM,0
1976,online,blitz,0,0,422.0,MF,0
1977,online,blitz,2,0,435.0,MM,0
1978,online,blitz,1,0,440.0,MF,0
1979,online,blitz,-2,0,290.0,MM,0
1980,online,blitz,0,0,452.0,MF,0
1981,online,blitz,0,0,456.0,MF,0
1982,online,blitz,0,0,551.0,MM,0
1983,online,blitz,2,0,316.0,MM,0
1984,online,blitz,-2,0,303.0,MM,1
1985,online,blitz,-4,0,284.0,MM,0
1986,online,blitz,3,0,329.0,MM,0
1987,online,blitz,0,0,370.0,MM,1
1988,online,blitz,-3,0,355.0,MM,0
1989,online,blitz,0,0,460.0,MM,0
1990,online,blitz,-1,0,363.0,FF,0
1991,online,blitz,0,0,342.0,MM,0
1992,online,blitz,3,0,470.0,MF,0
1993,online,blitz,1,0,662.0,MM,0
1994,online,blitz,2,0,278.0,MF,1
1995,online,blitz,0,0,624.0,MM,0
1996,online,blitz,1,0,441.0,MM,0
1997,online,blitz,1,0,628.0,MF,0
1998,online,blitz,0,0,474.0,MF,0
1999,online,blitz,3,0,460.0,MF,0
2000,online,blitz,0,0,293.0,MM,1
2001,online,blitz,1,0,367.0,MM,1
2002,online,blitz,-3,0,212.0,MF,0
2003,online,blitz,1,0,222.0,MM,0
2004,online,blitz,0,0,421.0,MM,0
2005,online,blitz,-2,0,358.0,MM,0
2006,online,blitz,2,0,288.0,MM,0
2007,online,blitz,1,0,357.0,FF,0
2008,online,blitz,-2,0,382.0,MF,0
2009,online,blitz,3,0,855.0,MM,0
2010,online,blitz,0,0,283.0,MM,0
2011,online,blitz,-2,0,314.0,MM,1
2012,online,blitz,-1,0,203.0,MM,0
2013,online,blitz,1,0,773.0,FM,0
2014,online,blitz,0,0,780.0,MF,0
2015,online,blitz,-1,0,217.0,MM,1
2016,online,blitz,2,0,251.0,MM,0
2017,online,blitz,1,0,282.0,MF,1
2018,online,blitz,-1,0,483.0,MF,0
2019,online,blitz,-4,0,427.0,MM,0
2020,online,blitz,0,0,231.0,MM,0
2021,online,blitz,-2,0,244.0,MM,1
2022,online,blitz,1,0,248.0,MM,0
2023,online,blitz,0,0,510.0,MM,0
2024,online,blitz,-3,0,335.0,MF,0
2025,online,blitz,2,0,213.0,MF,0
2026,online,blitz,2,0,325.0,MF,1
2027,online,blitz,0,0,324.0,MM,0
2028,online,blitz,-2,0,390.0,MM,1
2029,online,blitz,3,0,927.0,MF,0
2030,online,blitz,1,0,996.0,FM,0
2031,online,blitz,0,0,1092.0,MF,0
2032,online,blitz,1,0,944.0,MM,0
2033,online,blitz,-1,0,925.0,MM,0
2034,online,blitz,0,0,924.0,MM,0
2035,online,blitz,2,0,971.0,MM,0
2036,online,blitz,0,0,981.0,MF,0
2037,online,blitz,1,0,598.0,MM,1
2038,online,blitz,3,0,562.0,MM,0
2039,online,blitz,0,0,485.0,MM,1
2040,online,blitz,2,0,673.0,MM,0
2041,online,blitz,2,0,592.0,MM,0
2042,online,blitz,-1,0,550.0,FM,0
2043,online,blitz,1,0,519.0,FF,0
2044,online,blitz,1,0,506.0,MF,0
2045,online,blitz,-1,0,504.0,FM,0
2046,online,blitz,2,0,796.0,MM,0
2047,online,blitz,-1,0,453.0,MF,0
2048,online,blitz,2,0,347.0,MM,1
2049,online,blitz,1,0,372.0,MM,0
2050,online,blitz,1,0,460.0,MM,0
2051,online,blitz,2,0,737.0,MM,0
2052,online,blitz,0,0,939.0,MM,0
2053,online,blitz,2,0,984.0,MM,0
2054,online,blitz,-1,0,249.0,MF,0
2055,online,blitz,0,0,243.0,MM,0
2056,online,blitz,2,0,351.0,MM,0
2057,online,blitz,1,0,311.0,FM,0
2058,online,blitz,-3,0,613.0,MM,0
2059,online,blitz,-1,0,250.0,MM,0
2060,online,blitz,1,0,209.0,MM,1
2061,online,blitz,-1,0,460.0,MF,0
2062,online,blitz,1,0,330.0,MF,1
2063,online,blitz,2,0,323.0,MM,0
2064,online,blitz,0,0,542.0,MM,0
2065,online,blitz,-2,0,875.0,MM,0
2066,online,blitz,0,0,810.0,MM,0
2067,online,blitz,0,0,680.0,MM,0
2068,online,blitz,1,0,317.0,MF,0
2069,online,blitz,3,0,223.0,MM,1
2070,online,blitz,0,0,317.0,MM,0
2071,online,blitz,0,0,382.0,MF,0
2072,online,blitz,0,0,451.0,MM,0
2073,online,blitz,1,0,506.0,MM,1
2074,online,blitz,0,0,466.0,MF,1
2075,online,blitz,3,0,204.0,MM,0
2076,online,blitz,2,0,315.0,FM,0
2077,online,blitz,1,0,663.0,MF,0
2078,online,blitz,0,0,245.0,MM,1
2079,online,blitz,-1,0,301.0,MM,0
2080,online,blitz,1,0,517.0,MM,1
2081,online,blitz,-1,0,342.0,MF,0
2082,online,blitz,1,0,297.0,MM,0
2083,online,blitz,1,0,604.0,MF,1
2084,online,blitz,2,0,249.0,MM,0
2085,online,blitz,2,0,370.0,MM,0
2086,online,blitz,-1,0,289.0,MF,0
2087,online,blitz,1,0,586.0,MM,0
2088,online,blitz,-2,0,400.0,MM,1
2089,online,blitz,0,0,352.0,MM,0
2090,online,blitz,1,0,424.0,MM,0
2091,online,blitz,0,0,659.0,MM,0
2092,online,blitz,0,0,201.0,MF,0
2093,online,blitz,-1,0,224.0,MM,1
2094,online,blitz,2,0,210.0,MM,0
2095,online,blitz,-1,0,284.0,MM,0
2096,online,blitz,-1,0,395.0,MF,0
2097,online,blitz,-1,0,344.0,MM,0
2098,online,blitz,-2,0,230.0,FM,1
2099,online,blitz,-1,0,395.0,MM,0
2100,online,blitz,-2,0,462.0,FM,0
2101,online,blitz,2,0,431.0,MF,1
2102,online,blitz,-3,0,366.0,MM,0
2103,online,blitz,1,0,381.0,FM,1
2104,online,blitz,1,0,546.0,MM,0
2105,online,blitz,-2,0,347.0,MM,1
2106,online,blitz,2,0,430.0,MM,1
2107,online,blitz,-1,0,948.0,MM,0
2108,online,blitz,2,0,963.0,MM,0
2109,online,blitz,1,0,969.0,MM,0
2110,online,blitz,1,0,367.0,MM,0
2111,online,blitz,0,0,970.0,MF,0
2112,online,blitz,-2,0,973.0,MF,0
2113,online,blitz,3,0,980.0,MF,0
2114,online,blitz,0,0,979.0,MF,0
2115,online,blitz,-2,0,527.0,MM,0
2116,online,blitz,-1,0,517.0,MM,1
2117,online,blitz,3,0,493.0,MM,0
2118,online,blitz,2,0,585.0,MM,0
2119,online,blitz,0,0,524.0,MF,0
2120,online,blitz,1,0,527.0,MF,0
2121,online,blitz,2,0,503.0,MF,1
2122,online,blitz,1,0,623.0,MM,0
2123,online,blitz,2,0,209.0,MM,1
2124,online,blitz,1,0,600.0,MF,0
2125,online,blitz,1,0,430.0,MM,0
2126,online,blitz,4,0,613.0,MM,1
2127,online,blitz,2,0,632.0,FM,0
2128,online,blitz,-1,0,697.0,MF,0
2129,online,blitz,1,0,308.0,MF,1
2130,online,blitz,3,0,620.0,MM,0
2131,online,blitz,0,0,652.0,MM,0
2132,online,blitz,3,0,294.0,MM,0
2133,online,blitz,1,0,234.0,MM,0
2134,online,blitz,-2,0,229.0,MM,0
2135,online,blitz,0,0,399.0,MM,0
2136,online,blitz,0,0,552.0,MM,0
2137,online,blitz,-2,0,529.0,MM,0
2138,online,blitz,-1,0,464.0,MF,0
2139,online,blitz,1,0,424.0,MM,0
2140,online,blitz,0,0,235.0,MM,1
2141,online,blitz,-3,0,363.0,MM,0
2142,online,blitz,-1,0,337.0,MF,0
2143,online,blitz,-1,0,467.0,MM,1
2144,online,blitz,0,0,601.0,FM,0
2145,online,blitz,4,0,390.0,MF,0
2146,online,blitz,4,0,271.0,MM,0
2147,online,blitz,1,0,331.0,MM,0
2148,online,blitz,-1,0,422.0,MM,0
2149,online,blitz,1,0,546.0,MM,0
2150,online,blitz,-1,0,254.0,MM,0
2151,online,blitz,1,0,269.0,MM,1
2152,online,blitz,1,0,276.0,MM,0
2153,online,blitz,2,0,242.0,MM,1
2154,online,blitz,-1,0,298.0,MM,0
2155,online,blitz,-1,0,360.0,MM,1
2156,online,blitz,3,0,357.0,MF,0
2157,online,blitz,0,0,364.0,FM,0
2158,online,blitz,2,0,690.0,MF,0
2159,online,blitz,0,0,369.0,MM,0
2160,online,blitz,0,0,262.0,MM,0
2161,online,blitz,2,0,284.0,MM,1
2162,online,blitz,-2,0,549.0,MM,0
2163,online,blitz,0,0,449.0,MM,0
2164,online,blitz,-1,0,412.0,FM,0
2165,online,blitz,0,0,470.0,MM,1
2166,online,blitz,0,0,665.0,MM,0
2167,online,blitz,2,0,580.0,MF,1
2168,online,blitz,-1,0,278.0,MM,1
2169,online,blitz,2,0,321.0,MM,1
2170,online,blitz,1,0,475.0,MM,0
2171,online,blitz,2,0,636.0,MM,0
2172,online,blitz,-3,0,589.0,MM,0
2173,online,blitz,-1,0,232.0,MM,1
2174,online,blitz,1,0,242.0,MM,0
2175,online,blitz,1,0,382.0,MM,0
2176,online,blitz,1,0,388.0,MM,0
2177,online,blitz,0,0,425.0,MM,0
2178,online,blitz,-1,0,430.0,FM,0
2179,online,blitz,2,0,400.0,MM,0
2180,online,blitz,0,0,624.0,MM,1
2181,online,blitz,0,0,412.0,MM,1
2182,online,blitz,0,0,476.0,MM,1
2183,online,blitz,0,0,510.0,MM,0
2184,online,blitz,-3,0,376.0,MM,1
2185,online,blitz,2,0,702.0,MM,0
2186,online,blitz,-1,0,592.0,MF,0
2187,online,blitz,0,0,752.0,MM,0
2188,online,blitz,0,0,752.0,MF,0
2189,online,blitz,0,0,303.0,MM,0
2190,online,blitz,1,0,707.0,MM,0
2191,online,blitz,2,0,612.0,FF,0
2192,offline,rapid,-12,1,208.0,FF,0
